Model,Exp,PC1,PC2,PC3,PC4,PC5,PC6,PC7,PC8,PC9,PC10,PC11,PC12,PC13,PC14,PC15,PC16,PC17,PC18,PC19,PC20,PC21,PC22,PC23,PC24,PC25,PC26,PC27,PC28,PC29,PC30,PC31,PC32,PC33,PC34,PC35,PC36,PC37,PC38,PC39,PC40,PC41,PC42,PC43,PC44,PC45,PC46,PC47,PC48,PC49,PC50,PC51,PC52,PC53,PC54,PC55,PC56,PC57,PC58,PC59,PC60,PC61,PC62,PC63,PC64,PC65,PC66,PC67,PC68,PC69,PC70,PC71,PC72,PC73,PC74,PC75,PC76,PC77,PC78,PC79,PC80,PC81,PC82,PC83,PC84
ACCESS-CM2,ssp126,-3.247246074184373,0.684138507481978,3.24714312190775,0.6697560207080681,1.775004277727883,-1.962946634918906,-1.597638373055481,-0.764241436788024,0.3578077721843164,-0.2739926229507707,-0.5543815934384472,-0.4916341439183797,-0.42524843250136485,-0.8008261570163989,-1.2718841897663833,1.473583403917681,1.1732416329742563,1.5173752412766508,-0.2841240898523654,-0.07277162330555369,1.6327577397933606,-0.6305409592781189,0.46629316767025714,0.03868124736864999,-0.684420193204402,-0.4906533120971498,0.18657579464276283,-0.4304120662137916,-0.7277133902220209,-0.2371064116539757,-0.49805981373367114,0.4448431180708826,0.10433881312084435,-0.21648450178586778,-0.14084303579144258,0.41965554929407267,-0.33387934464125507,-0.16863416750090077,-0.07094979055016282,-0.009513405373410336,0.3407340627346703,-0.2235437570764782,-0.20705339748821594,0.10648223848890535,-0.06907698235231138,-0.09229454337049073,0.09689125359459243,-0.1245672227230325,0.16899892388926052,0.15642568339201202,0.08259056080211855,0.005185368994590945,-0.022642075012070485,0.21052275270150353,0.14084797303745114,0.31095266200498617,0.008234237381654286,0.2531030305426672,0.11067045396100683,0.3113339580006675,0.0793075410397754,0.13643523287976125,0.07628344229327755,-0.13890894911198792,0.027008002526560555,-0.019136640193344153,-0.1497731123316286,-0.07520798497489668,-0.029622332028268843,-0.009776077708262164,-0.001725097524054904,0.02694957681200947,-0.007196572076048577,-0.051214810847548115,-0.022152040528242743,0.0489313811846272,-0.015936946449153052,0.0016748942382533297,-0.006084143162210234,-0.017705291753483225,0.002231916082717734,-0.015801727581678072,0.0048680255616921145,-0.009034675630604493
ACCESS-CM2,ssp245,-0.6376612472459792,-1.9751217485075367,3.758118595973998,1.4010027634452689,1.871148755546293,0.21419499373361972,-0.8110738468810029,0.8687529050838242,-0.18885660852261538,0.29530635667332905,-1.0929381730482726,0.40422764970491787,-1.5844605154161218,-1.3073636513072364,1.1984270664262715,0.49174649854348546,0.5770991842922356,-0.3178964014963007,-0.390789811042831,0.2583550289640419,-0.6725050424334373,-0.17336047467306112,0.16103494464633183,0.19091308080566108,0.06933093608407678,-0.20453780364770252,0.999811288425953,-0.45713932577617516,-0.3886911515332067,-0.09407274050859432,-0.5379361895228014,-0.5418877902945419,0.1620461304919887,-0.2561007524004158,-1.0499526543392876,0.0009113500961785661,0.3142974254235352,0.6202951533388696,-0.2317076137576644,-0.04169419370636986,0.18812385619903796,-0.06946299953064267,-0.03248010994365843,0.11772937394646105,-0.2383800321989225,0.32148646042972,0.19194121873209125,-0.2554368333095807,0.17735024546246683,-0.0660149374106528,-0.32171949818690254,-0.06257395535467888,-0.14726839181288065,0.26208953444726013,-0.0469784653610358,-0.18564335019550865,0.03350127689968783,0.05118270233486206,-0.13992649420420958,-0.011023766163624448,-0.11374403810322353,-0.05946836771556057,0.09507431907727903,0.18874395950516387,-0.09666822298308286,-0.04622847855754932,0.03108487597894536,-0.07482595402713876,0.03464727156450651,0.02706731904581874,-0.007544243808846984,0.06923625234422,-0.03972942555032647,0.029777632068131433,-0.012151060439739993,-0.0805630749809622,-0.00891940448722108,0.061549219626075326,-0.02321169081314921,-0.028576112587115815,-0.005939231076321911,0.011885882523159199,-0.009420834011517314,-0.003317370574072952
ACCESS-CM2,ssp370,4.949068847384129,-0.5421889586569711,3.143568913038962,1.5097535510025237,2.0126163399379307,-2.3437743596658525,-2.2719312561055554,0.0551861537646632,0.5313209364137179,0.43972744110249934,-2.6978516695631893,-0.5003782046596673,-0.49056272997354183,-1.8359882312143028,1.5739719626402027,-1.5903185972477023,1.1018977222102002,1.4080045588841301,-0.6819100095494677,1.066915802769821,0.31615842292109664,0.06786230471535415,0.04973832144832398,0.1918884963459754,-0.08444171327934585,0.5824072224057176,-0.14717177211766097,-0.21521183817492393,-0.6465337353092604,-0.10143743599018346,0.04142719275052411,0.4959556365994697,-0.27047730040486384,-0.25771316542909206,-0.2881580839409457,-0.3499026531970961,-0.28237765652968333,-0.05776617937615817,0.08106512610517522,0.060803003325595004,-0.08562204334754606,-0.08231763162051206,-0.37547073466948744,-0.32766196059655134,-0.15188081952350044,-0.21107736126858073,-0.5796297014113602,0.07813456134458992,0.07908943872227346,-0.06669500461649974,0.01181383468264445,-0.0014779755346605136,-0.024315880349679516,-0.12815030446179007,-0.1945387790257179,-0.1948343261954054,0.03856495802117679,-0.14793292859697274,-0.07654300288619759,-0.06421409588382797,-0.0509116088967606,0.009673944658128273,-0.07169762110131758,-0.09846337376384107,-0.014867840959853216,-0.17685236148987726,-0.06347220171802458,-0.03524194258756018,0.07641008425261367,-0.015595756385270514,-0.013528770462761752,-0.014444139882748466,0.01999058903740198,0.0170268098437209,-0.0374901264658324,0.039784987019298564,0.05723539904459117,-0.023358226048362258,0.0015485945666260615,0.023867499224025413,0.0410312705984291,0.0077897275914967585,-0.004381372070488285,0.005435192297148758
ACCESS-CM2,ssp585,8.196520314669577,-1.147666314642281,6.005187005102229,1.4535250693213337,0.5815577989689561,-1.6138719317890644,-0.6539926534789897,0.7566352471113429,-0.013450039981359957,0.3799655255065004,-2.671228767882615,0.42306983466303744,-0.21333594852957385,-2.4836706720549677,0.024236786222253247,0.08113018875216742,1.8002374257011293,1.2827281288689627,1.0125041068004457,0.140289060562916,0.19087505103650787,0.24023427093893487,-0.7087649995254266,-0.5803222101344128,0.837360815976383,-0.07753758506370771,0.12102237846915198,-0.3992653826048803,-0.02389084477521301,0.27848053707019876,0.36961291884307884,-0.31665810618328644,-0.14122075641710932,-0.061340501715078107,0.17516629359140765,0.47534676872030956,1.0603226870591664,0.3351589005732158,0.11862481367509929,0.2370871167406301,-0.1984133254583634,0.1560473361081221,-0.25752775934702954,-0.06703015482868226,0.26034748451388057,0.09774091809836351,-0.22935719897440646,0.1877444723449808,0.07153092759364484,-0.10701751571074487,0.19103226514976507,-0.22000022970678315,0.006974359799001087,0.14303049691090813,-0.09858473820742877,0.058234671007979584,0.17295903347089078,-0.06925256919797494,-0.05335494320615487,-0.07105629933343224,0.05300583401681216,0.09171701312074472,-0.04585087656679339,0.09273641414617478,0.09345707712489386,0.18602524687629748,0.09291748156598362,0.13591801920090302,-0.03136571072231448,-0.02385236904138907,0.01810068419416225,-0.04986001641811151,0.02145246741501309,0.019020566193724418,0.04861891464490652,-0.006348058171298722,-0.004647734255459832,-0.019416552067790183,0.016498611964713816,0.0032070169483711304,-0.030894829454169558,0.001577131829011115,-0.0027923978418395467,-0.007968285880709282
ACCESS-ESM1-5,ssp126,-4.427284604278754,2.52406512497612,3.3785041679819834,-2.3008118752841313,0.09453901779501298,0.062190760765421,-1.5974623489878332,-0.5889012066968785,0.4261714188824933,0.7208328457880316,-0.06853231997607531,-0.6523438844616789,1.8978382952768933,0.5469981334372768,0.49369539697257825,0.6182364945932621,0.9727247973918152,-0.1237613907326224,-0.1618743173115521,0.20584085291933393,-2.1784487794057212,0.774311888075492,1.034088916316876,-0.030134019160060994,-0.8460664619838003,0.2068857168276975,-0.35011677957605103,-0.32722632449213246,-0.9200533822734863,0.2973467360051865,0.02037232665565702,0.0903456935421325,0.5747219454538128,-0.31563862771227474,-0.12254716656385639,0.5224514899217179,-0.19239346877400637,0.454120357511052,0.11314479455850376,-0.47531877986234683,-0.04969035576925213,0.08081270835464828,0.19415316470837296,-0.11186028980081582,0.02136843797440171,-0.05520810123293969,-0.11057670750851896,-0.04533277655860423,-0.2624158436166266,0.021858166596436756,-0.10884523381955896,0.024848699226133503,0.07278716475247779,-0.0070241723850405806,-0.07379300994014276,0.17536082765352587,-0.19648660071476065,0.15023010530162245,0.14151997453424792,-0.0011430452630568585,0.09728920031771923,0.00720236724948973,0.053970539804894496,0.04609754493483619,0.11336113769664516,-0.13650126700679893,-0.011921670100011845,-0.025658203627579063,-0.009056365409363065,0.0006546852899167357,0.02220672927927264,0.012307831088425005,-0.053641318091577336,-0.07245195644215666,-0.007275066419654153,-0.0391668972678402,0.0058863542997981385,-0.01261832073736541,-0.00038132246704144764,0.029195770593311896,-0.03329506985153403,-0.00785245142243072,0.008743965724551175,0.008737291963760553
ACCESS-ESM1-5,ssp245,-2.0188281503822947,2.3199776483282437,4.3422251841498465,-0.48148192058695866,-1.2541953322760566,0.5176737306802566,-3.153353528648984,-0.6460624134959587,1.7069057821541294,-0.25694330990681397,0.41530326882758717,0.649578755787111,2.559028069562876,1.2550869279247991,-0.16477218587931394,0.2980782309057825,0.644867482144595,0.24053387113986877,-0.2845594602157432,-0.30726878627997,-1.3622289101772231,0.014998520915693012,0.5598896999976146,0.17505222737924064,-0.15776587079672924,-0.5577670360825256,-0.19615567899019168,0.2023317426280305,0.822252247011822,-0.33954756111046175,0.6931668015236645,0.05342074945901618,0.09449460529234976,0.36852593520843396,-0.09652563526456205,0.6169164648534744,0.9709574077679576,-0.1078763140043779,0.2398375246465124,0.3873067703446858,-0.18333425451991422,-0.39413321669046086,-0.010466875301907746,-0.14187878888214828,0.3449722291118441,-0.20731122132294336,0.3506657119518893,-0.061117589275810444,0.10344007933297998,0.07777588660153689,-0.2024156387064731,0.0005209581315172984,0.022628468040695366,-0.045421218101309224,-0.17794546964074429,-0.04249196994686266,0.20513459188092587,0.03589545932101979,0.00642409331040346,0.03177732403474338,-0.07731567178680553,-0.11469378325201493,-0.02005104692992286,-0.1255817752537035,-0.07341156847978807,-0.04121456753808794,0.07014973203240188,-0.05604015925827237,0.0862284244630761,0.030561927701613395,-0.1110042206926989,-0.010384095466145698,0.06422841697831155,-0.0237631742357554,-0.005896771837588487,-0.024847323410313513,0.0034052556265080037,0.02492708894667441,-0.0199454011552756,0.012517561354869939,0.023439805045262305,-0.01112725259523948,-0.016210594568861907,0.005058379093582035
ACCESS-ESM1-5,ssp370,1.6797973797544044,1.7171751074091708,4.01848133024153,-2.817929172335788,-2.403768256342011,0.12722875415332965,-1.5979229096160144,0.4080170633241255,0.35133533486423096,0.19002379357512833,-1.1098135209045472,1.0698641856810722,2.0096621383208024,1.1997377046034596,0.9904951493707229,-0.7858038724494761,-1.521243628731931,0.3679047992410691,-0.47942841288127963,-0.2464905760527897,-0.20848765311646403,0.4517063203676664,-0.31494690370755196,0.34062666247284434,-0.2929032874140843,0.11064471319748856,-1.0150499142101688,-0.4638548149059046,0.11302277674257345,0.17632502860427995,-0.5723933082358138,-0.4530193400083345,-0.293970718494541,-0.3323546459952858,-0.15429612374324334,-0.22593632422218687,-0.01912147253304508,0.14581765072971484,-0.3188545053712208,-0.418948189338032,0.38039152640888374,0.0900578749984363,-0.036451970764568506,0.37823597459903435,0.14156440412736904,-0.5007483253632437,0.02351752142310591,0.21626212960406752,-0.10818826859101015,-0.14676385066881045,0.11540797144228258,0.09253422422334497,0.2454854330787577,0.10794971435685129,0.1097212723762073,-0.07630756972984738,-0.012948073964238749,0.16527859541320689,-0.1905271948679076,0.028153091187173355,0.006100756054290097,0.18472699389953515,-0.014765237550924673,0.12470242314393881,-0.03462581578937632,-0.05799114626051599,-0.03301295638648953,0.016797979415520876,-0.08506815352987024,-0.04564936286370541,0.0004647757432529766,-0.022258185589835704,0.11940514641599168,0.08782522052372169,0.045651486670748996,-0.02046596108818596,0.01556659848739416,0.015738129353965288,0.025885143348038122,-0.00014282770924632052,0.02253605519857877,-0.006680674290945319,0.024925251399509758,0.0012405872884851234
ACCESS-ESM1-5,ssp585,5.060728167210153,4.084114333936081,4.483281635726528,-4.724401884718615,-3.0079007602451684,1.3740704043057534,-4.012460754422612,-1.254879989614086,0.6995391354633381,0.04255582698203102,-0.8948927732597837,-0.9702881061329942,0.5019173934063169,0.8939808418384173,0.2500044466678019,0.21523613978489434,-1.3412487502502835,0.7510409502509823,-0.15619092627200495,0.27316952956491625,-0.3444517085025354,-0.5638959561443774,0.5706083214383337,-0.013379508118521555,0.10862782165322071,-0.6563544535443692,-0.8922623105163152,-0.7000733978191728,0.4151137022645191,-0.6774320906632125,0.2714994038781889,-0.7955059672260053,0.09122515200672866,-0.3881882301285457,-0.025085812171431708,-0.8359895251638854,-0.1847250790767994,-0.560867903515544,-0.0049237825091926,-0.17523103323893258,0.21315300077892535,0.09913581665122936,0.07892706380592666,0.13920232442700825,-0.34433464920582924,0.031741339810933515,0.2234144221503991,-0.4331306691560547,0.06589331616594134,0.05750859512628169,0.035144116916275045,-0.06219470868378563,-0.21252801357870016,0.04661545701578931,-0.1468570652551074,0.10263439221820397,-0.019832554624542344,-0.08337927328138683,-0.013952806872639736,-0.026468902886839372,-0.014469101709561035,-0.0002042422724374053,-0.05614450122194563,0.08005798609996392,-0.07441845600137603,0.16628457450052284,0.008954867613451663,0.07059173378075667,-0.00290762242965868,0.04089065138732628,0.09458729110124023,0.014244979383370672,-0.06501907957055875,-0.00467081122799148,-0.04626219470272951,0.056189529767121285,-0.0007733604428428676,-0.03919754799257309,-0.0019982422891384583,-0.019429178823204753,-0.010740511120384608,0.007603444143710445,-0.011748957866374555,-0.0075493442789469215
CMCC-ESM2,ssp126,-2.6552014532421078,2.4062867946442763,0.5806001052379473,0.4275085758501033,-0.8379360878850128,-0.8399407914421109,0.043024494980899795,0.2057584023918424,2.5785926809915836,1.866849790576869,0.2233953888824437,2.388256226495129,0.04988642818469659,1.600420535799345,0.3342080459847232,-0.014852235506849444,0.3373788324045518,0.14933388853158605,0.22979394753118623,-0.9251342880862884,0.6324489610243063,0.31017587859520207,0.6603334580588744,-0.22570913454242691,1.4743398747072451,0.17545677039822674,0.23419241992704387,-0.5032330910073347,0.7329395340496865,-0.11607076706578595,-0.21785291603536452,0.21374446145818482,-0.13415410781454376,0.02565820677480566,0.622253190304008,0.6696699876938841,-0.21728157957677235,-0.20970136843099058,0.39698432970614106,-0.006898093997408392,-0.0859026254759637,-0.19873195650006584,-0.13617252688496362,-0.18393042323730868,0.37809990021011697,-0.05083723620364477,0.28872543726784805,0.03874160420555386,-0.08566041269966523,0.030256724763707003,0.03019913255764811,-0.10741122052811095,-0.17039116232120885,0.04088561182722989,0.02728579435879291,-0.253527347217001,-0.17618840869588975,-0.20679913228194943,0.006922509828849912,0.05327585559865159,-0.06843231070581426,0.12741867182229288,-0.0652899546197006,-0.0439138263872685,0.045293020262556806,-0.023907231143672547,-0.06844755924556545,-0.045804311579957235,0.0044980388129652535,0.005932062845438757,0.03204806147414296,0.08059416311678236,-0.05114272674616365,0.015891672993601304,0.004437501321822766,0.025074537812541597,0.02044195584222023,0.05476139876205755,-0.024132303128503833,-0.01625317635089003,-0.003504245627822329,0.03961873465392222,0.010540560325165895,-0.011480717635024087
CMCC-ESM2,ssp245,-0.2569293352172815,0.7243475249936144,-0.7876757675617524,-1.3911956848915328,-0.37812282637101846,0.8979024601702016,2.1401337166941024,-0.16788464905398495,2.309077978508252,0.413802446085513,-1.6246067948180805,2.6614781815168547,-0.7192367251178167,1.1019746852888697,-0.28346477977666185,0.47645137406831045,0.36131112200773907,0.06464052927851502,-0.9221921649964118,0.6125606935083302,0.21190737076009922,0.319891492272406,0.5519253769734288,-0.6150335044960015,-0.10058800192765388,0.3908874074623039,0.5686608121685729,0.18650354212782377,-0.43101672260316176,0.2258892847181879,-0.3222427969992235,0.09092821367290409,0.5817088215468879,1.0253002256269745,0.07666175451171577,-0.6907315186842459,0.18960130945761428,-0.3634858584376956,0.024143429644947957,0.3018214085177599,0.22021654099565863,-0.15109405094974843,0.01773663216051043,0.3429332239123525,-0.14263675532668174,-0.23631712930610554,-0.1684226231835053,0.08394059250001147,0.1699580438713671,-0.20389869894953744,-0.11172274076105176,-0.12301545265196981,0.12219488912803077,0.12115939106767042,-0.22026009118375275,-0.03287939193382404,-0.10855421101435597,-0.007269272812263005,0.3142718651950663,0.13994432338513207,-0.005220438470431885,0.24041805086017357,0.0024564621125926496,-0.0687325096713867,-0.1880996642610792,0.0872273783655453,0.02970111190364465,0.10413591345791987,-0.07818549805482888,-0.06721936981656025,-0.01814984271522098,-0.02830273445888086,0.0019413840243496592,-0.06747240401642689,0.021494621292974286,-0.057462175889503475,0.01675181942200229,-0.009249550449256358,-0.026032477366131634,-0.007366197049144965,0.015537833119276477,-0.005642934698432332,-0.011484502026170488,0.005018260902777095
CMCC-ESM2,ssp370,1.0126198330108753,-0.5065240652905467,1.6430656098020433,0.032064148093774086,-2.2234615577900265,1.065376522150813,2.3321616464605825,0.8235183454022086,0.16690364237278038,0.799201058354088,-0.19168950729309522,2.2118985006737844,0.01732804327430888,0.32514348105243607,-0.10260363600013449,-0.24093844217122926,0.5768252452585849,0.0059563181753243,0.9908268584082123,-0.8876857234301047,-0.5031544499642712,-0.18096499558073872,1.4354152074064863,1.1668680249927987,1.1139159917119934,0.7288783769567638,-0.04967789496585006,0.5205575313602006,-0.6757047221746105,-0.027998438279460223,-0.28641645356502093,-0.7486753517009814,0.26196813840599087,0.42585003890491363,-0.08438693728500356,0.17578976493675721,-0.2905663025933488,0.18573195392508285,-0.9145095155345816,0.27753976731833474,-0.24413598964664188,0.1841464722030892,-0.08829608283547648,-0.34600009731794923,-0.2792393452146754,-0.223900158874352,-0.18651921825127327,-0.03020770119950362,0.13937634770715507,0.4176111977871463,0.17516381152667698,-0.04927143937031057,0.002986670590232454,-0.15003945678875003,0.1061811874681809,-0.007328679110830481,0.049059032001189884,0.22132296891924436,0.022050133950613716,0.002443442159989403,0.03062128157725773,0.023980766690122068,0.001350128896301069,-0.0887504416314047,0.02418955235317353,-0.08760792570723851,0.03890606468919733,0.08344239934047218,0.05413138191937846,0.04776237723383871,-0.0077771240783968765,0.057574287740086216,-0.05120258648605783,0.012621707688668393,0.07906221418543283,0.06203559601218863,-0.01049987142974179,-0.014473297620012256,0.03189765170506475,0.004222447319194659,0.0044820519903358,-0.007226084384779993,-0.008767851039072422,0.00021673930983355107
CMCC-ESM2,ssp585,6.177535089517059,-0.7355373255921565,-0.8924218685908948,-3.10111317389125,-1.3789685080975407,0.017749736493917513,3.240134930942076,1.2175828693532034,0.5923579496432505,1.9814564551132057,-0.8951637377963602,2.5657599835846923,0.07646906100478829,0.7473743604940639,1.1002180864881068,1.1832961099946684,0.6179584878597717,0.9533626890275575,-0.46565844800453365,0.9058549487044829,-0.3665405492977308,-0.11025330458231367,0.42439107633129225,0.4882687043529873,0.8335892289786172,-0.056824140984773966,0.5833855818389954,-0.9868621511441309,-0.7847217440620179,0.10369190180520997,-0.2480244863878349,-0.2985156243362396,-0.1805503731702027,-0.288538165982977,0.5569123492668572,0.3595374795744847,0.03722111957214367,-0.5083830571210827,-0.23995121608389122,0.0031627274199896014,0.20290723654086185,-0.0981620191221412,0.3478625058271994,0.24528813848301378,-0.019794306409101757,0.2790964027518041,-0.12744903804560723,-0.17937148768450628,-0.06076605118596886,0.0275244747428685,0.11156589772692722,0.35656024863747665,0.06555345725835147,-0.07446013526247058,0.24104930002721803,0.118804704461259,0.1253258931480994,-0.33053516939466193,-0.14790939037423456,-0.0071943615795428606,-0.11778855882993634,-0.10582318801052278,-0.1268740259440023,-0.005081794674082505,0.0970749304179126,0.0085714966646404,-0.027390625640744924,-0.058148702298210335,0.0010866656780476288,-0.027529461487303054,-0.04920964206945641,-0.047535819504324284,0.013403833818541537,0.0006684059788176694,-0.07762137147589243,-0.0014657056072425523,-0.05026776938612858,0.011556657760093549,0.0035761727113973133,0.022016355237680817,-0.010519586972573661,-0.015254772061606343,-0.006414206310762156,0.00572340121741329
CNRM-CM6-1-HR,ssp126,-3.7217013300101907,-1.8095011852180285,-1.256140232862806,-1.0677723546805498,2.277678600238506,1.1844821820348255,-2.098242098567763,-1.1328859992701645,1.175882823883407,-0.3495477340752984,1.0683847354053315,-0.249197393406403,-0.5839136515150183,0.2205033759948592,0.18646271124478903,-1.0245917591335694,0.3940317101404416,0.23225183095461943,-0.42738321239878874,0.49136799334731796,-0.5994567775949401,-0.16081339900666572,0.2494828852971832,-0.7641250778208601,-0.2397378548423467,0.709757509527275,-0.3914324467815902,0.34141432966805485,0.7318406730176737,-0.7908225725801316,-0.5843010222559911,0.09834224031284909,-0.3362760870499633,0.6284775501108689,-0.0729322161079552,0.425616437963333,-0.1891854105415855,-0.1172638173329631,-0.2655663570026536,-0.2738025228345518,0.3027312786749038,-0.6355216388665194,-0.42552825074642625,0.12271884607168206,0.5858967490330276,0.3662634751966059,-0.17600409482626797,-0.09630908199506982,0.2732887082537724,-0.11385717577706451,-0.11144444426306552,-0.14526660909928407,0.2744389673524149,-0.036354501887421196,0.048678043972797756,0.01668417758786356,0.02275740044969025,-0.10990655435412093,-0.04047348512280071,0.008493445387986239,0.07907209952990142,-0.13949064644776848,-0.13524601541126152,0.103632688166222,0.10697845151794007,-0.0477137529829811,-0.06371448539222228,0.004840185784985381,0.00025945172759055503,-0.037844015957458135,0.03470549254835059,-0.034978197263887637,-0.0015028211043693726,-0.0017637144250915503,0.017973470650499604,0.0027149078116055275,-0.035532081249562274,-0.045049835570985935,0.014182393539205867,-0.007679863862938451,0.0028094066883863687,0.018667256871858037,-0.009672600330412581,0.007784579695018305
CNRM-CM6-1-HR,ssp585,8.25086958557189,-5.961574675200638,0.5457691047714687,-1.6897792545864696,1.0451188465115857,2.56656235109597,-1.7580291944633004,0.055157456384336986,-1.1388955971314485,-1.0394753399890369,1.1830850621265032,-0.05591589632137306,-0.3511006097750377,2.2814274456475734,-1.0810502340524313,-0.536712245648093,1.173428462454869,-0.574018874932644,0.4666842764083192,0.5008030486352018,0.7164505418378825,-0.8786936165414908,0.5359546002014608,-0.8847314375331298,-0.05963179923758205,0.287011229633124,0.3314585154886444,0.6054871249736592,-0.44784078506223285,0.08735306386346832,-0.18066851347233973,-0.718966808180764,0.009217175380038883,0.799554081487387,-0.015767576700982548,0.6600540702697086,-0.5850629170196742,-0.023893539121997643,0.7986075503543018,-0.3385285594593674,0.5417378453112927,-0.005484221275713898,-0.17527002460694976,-0.1474098124223831,0.008368790737460451,0.02329722703154123,-0.18209035270480856,-0.040284748623462124,-0.1936942049218023,-0.08087750939186922,0.35988229022959833,-0.03217117167821251,-0.059439091701421566,0.09442703345540636,-0.17343091308816805,-0.20173928081097445,0.1425667563514223,0.1522401885235974,-0.1902329625771059,-0.09992917438103326,-0.2271511400277657,0.09819572394102674,0.09936833951318948,0.08653245438934086,-0.0068812639556805,0.0389444195961769,0.08342281833879577,-0.006052652309805025,0.014585695798845173,0.025184376719968534,0.014038340746748357,-0.05628357251363146,0.0006131205042005408,-0.04545806755488367,-0.04626925137979578,0.023353051510003574,0.007659145031369162,-0.0064437281539327625,-0.0019097186407816633,0.029091298432144096,-0.003910596999881419,-0.010257551589852027,0.003160091602698449,-0.0007849384185850192
CNRM-CM6-1,ssp126,-6.814186027200469,-1.2394272557112453,1.2164095931272443,0.5397936563885595,1.143819396444916,1.7243182335188816,1.6883400827861321,0.5172024830576005,0.26922213452335425,0.8543616805341088,-1.417879061959662,1.6552424935463281,0.13265087056064914,-1.932414218402892,-0.4990180585891769,-0.033623834367964164,0.6613195027891462,0.11984548524253102,-0.9953105073679225,-1.3268519994430092,-0.6122298288884169,-0.0885907032593002,0.29276205718328563,0.26146086845679445,-0.8708802275911679,-0.9311249471417951,-0.5930600416010454,0.657276246678494,1.1779576525201174,-0.24898376837113625,0.08543933263229707,0.41867204236385436,-0.3367780591395716,0.49914766593238946,0.2474825234487205,-0.028783533901850546,-0.24721883796917338,-0.0017016478348901105,0.37766646008504523,-0.3317431303168721,-0.2455418659894874,0.044921517269856395,-0.2892767097818888,-0.12675672738658264,-0.4530842185232072,0.10444293868963439,-0.1292252719019477,0.21767353410692586,0.19642691803405526,0.036842844413500705,-0.17426797903230273,-0.005837253604719812,-0.021628510733599438,0.0032297366786882,0.2061902217739284,0.1816759879110403,0.2697317421772198,-0.039719335913501554,0.11113283717003508,0.07316398682365167,-0.040923785806640446,-0.04677967427904427,0.011632544477684907,0.2265816814251385,-0.08635748893856374,-0.028737096542028016,0.034938574548257426,0.08462465913895241,-0.0808316557222202,-0.009694237742844105,0.05115594958794379,-0.016173621014929196,-0.0003854760165387666,-0.023996119315794016,-0.023141907751122844,0.05518668689271827,-0.017711631407821397,0.0626591761640321,0.0007956149357905914,0.004192787955517778,-0.028589773102473667,-0.012796775866363146,0.01707335685977933,0.009176851021124217
CNRM-CM6-1,ssp245,-2.857718232130535,-2.3787984831579068,1.4905002787702437,-0.07964282887450351,1.5847276824366114,2.7416048252926317,0.9732093552975124,1.1199522553573544,-1.2292082080442799,0.1825758537548945,0.43152812128423246,1.29948368636838,0.937658002420195,-1.765278970256673,-0.5840689079822724,-0.6660483525938744,0.049370201815995766,-1.3360127121987078,-0.5652186780495925,-0.02740480950971541,-1.1089753708880945,0.06673576043373519,-0.11915219134589054,-0.5706771132415307,0.22730069519683876,-0.967650418672496,0.21427012778606508,0.2771955824526321,-0.2956465437311141,-0.033747196886804526,-0.4048029128713213,0.5420900019478966,0.047713180765844555,0.16482626007597279,-0.014146045262328388,-0.16795823872722543,-0.07994555978100076,-0.30123475390516163,-0.09835299634777556,-0.026842829906678217,0.14922410334325423,0.10963374871722636,-0.007433056577441849,0.024219580808619003,0.3566199054668796,0.03197706806395322,0.21581618225993937,-0.27725487305591584,-0.5532018918703413,0.3010731057186926,0.14646930291980553,-0.2655112278224995,-0.17695614940598478,-0.08644788121738427,-0.18817002355071302,-0.09786243759748861,-0.008324118840601115,-0.1725300712145617,-0.06473999714103412,0.23559930871113946,0.03889574743546037,-0.029049331384877575,0.10931128098806918,0.09025772004818958,0.12371009042472421,0.027631365093586793,-0.031509389225838805,0.061387454103607055,0.03371177011645693,-0.04095667711305083,0.007486999698536464,0.02469804622704715,0.022013613185755447,0.053474260670640074,-0.03812339816703586,0.028135634087895774,-0.002457543374470717,-0.0028662968671141226,0.00746192822907878,0.001192393901616349,0.030013687231063693,6.512144328828782e-05,0.0057119127154677376,-0.010048672990844665
CNRM-CM6-1,ssp370,2.196810371362691,-3.854875993035051,2.736929802660685,1.0033843586665119,0.5478337603270849,3.2122171330582288,-0.9358927329424213,0.598239629082985,-2.2899279642318033,-0.47135618959156583,0.027315414041469845,0.6143386740136778,0.6850083511609285,-1.0678425797257551,-0.8091602563626521,-1.0247517763382816,0.5612604208385678,-0.84561340268799,1.0902493118689673,-0.7493258836181335,-1.0208159749989008,-0.15901971666313544,-0.44973373661592464,-0.011395487294359404,-0.6613519106947839,-0.725247289076157,0.5833986331353027,0.4791478044772507,-0.25431500200588075,0.46175405773039513,-0.041223500047766024,-0.3272432520991098,0.183885201898477,-0.3725850277397889,0.8350332548655232,-0.14902873547081968,-0.22791944669832961,0.10603862333914596,-0.021568702952791455,0.41228223506791134,0.08095533596920675,-0.4255714549319042,0.4520374297810899,0.10213820527203245,-0.19289880861322767,-0.27545352742827084,0.17545861353428727,0.05536428567751124,0.07924629867488621,-0.26302229520327114,-0.056357669380904786,0.14061926808582473,-0.1900615052237677,0.33766275834498344,-0.2086148591671686,-0.19538213290270448,-0.12146024614408657,-0.06371626946191138,0.20250880003915764,0.03655254774876521,-0.014638995200221498,0.011887257773803185,-0.1075090982290656,-0.16452226827104807,0.04983614008447482,-0.02441309363445744,-0.05641181543850993,-0.08260266340960022,-0.04242212532105034,0.046918605936117894,0.04761054735136333,0.007611510046886084,0.008826040412200871,0.019541476170868058,0.028151053207790246,0.00562423621911742,-0.020305392272690386,-0.02447133999068772,0.03212117746896973,-0.004387164478536158,-0.010464720043751288,0.007620549940117577,-0.019137891945228937,0.004548821289802998
CNRM-CM6-1,ssp585,6.529255010742053,-4.62557354995116,1.9919913875616377,2.278210687609765,0.8854905822050152,1.9889673547321591,0.2169213494072703,0.899985767369209,-1.80335746398741,-0.2274195865765034,-0.486826532515877,1.8732892270301533,1.5437137779135748,-1.582714860804187,0.4293843027735149,-0.2752959340300937,0.2538386350381379,-0.7412819833549357,-1.1361259485764421,-0.17187934372381483,1.108095816681855,-0.3681248273481784,0.09985840590137011,-0.13578730419010576,-0.35851148732822896,-0.8738018207192172,-0.09073102283197418,-0.26710936904189003,0.5668066442502888,-0.14482857860253165,1.1856626033369473,-0.021151834111411444,-0.027547886186789005,-0.06703624850702897,-0.08799401341930119,0.04399015348549439,-0.9912042157748366,0.03566668301711519,-0.2264531240988408,0.32154865774774094,0.2951299380469125,-0.45432316475824525,0.24417705607689308,0.20207471650034353,0.015306434675613094,-0.1804504341675078,0.09140287278387589,-0.07571721709810983,0.017968533561342915,-0.0124349337263149,-0.16099386193804155,0.1880962580223652,0.16193502313670188,-0.3308560347546516,0.3350933050721376,0.1290841037790609,-0.08459435722873741,0.054883746157191944,-0.0883899511464974,-0.034393714855852395,-0.028803321260657166,0.07129255082187659,-0.10932021376728852,-0.04091307140505878,-0.0021917278534781767,0.030897063170751998,0.015616650655128558,-0.007600844927050692,0.032342753783978884,-0.0055836881966773895,-0.004871263128480345,0.015715697113134405,-0.020443653357655918,0.005351717283207997,-0.0007808051447697143,-0.03694093293813409,0.01816493573528003,-0.028451802166641373,-0.0004031367987035426,0.007062982892432464,0.012489536916946018,0.013344630296818637,4.097255450884047e-05,-0.0044112248568944626
CNRM-ESM2-1,ssp119,-7.109067859600028,-0.7916196391702979,0.8928845638020992,0.8154952338716157,0.8916114204101753,1.644604208031122,-1.3694971607911846,0.4067309301396466,1.3866512987965751,-1.0831437573508413,1.456715112405442,-0.7166184687638741,-0.5522278362422482,-0.7297894204429451,0.2525807645757917,-0.5920773495714915,1.2363094466030669,0.5664483259161326,-0.3765448372250118,-0.42949197336817974,0.9933233194809359,0.2563126127748195,0.3686528446059522,0.3030903016160347,0.09667971351736313,-0.3089072166429333,-0.10064179760525338,0.09014105971546124,0.6425987150432841,0.19582208127849218,0.014651263150407087,-0.24007386449571502,0.692899723151716,0.40754540397663075,0.5366120263350608,-0.17846288166621516,0.005582156017843045,-0.4791411364801052,-0.5720274687057211,0.46965290663245607,-0.1522845277679284,0.8375709469108615,0.05754658677021384,0.3940201515170068,0.4773379779907737,-0.09371258021988772,-0.11441886071369521,0.32040851509325186,0.10409779909760714,-0.026562877667659596,0.11329959079219866,0.035369109607732624,-0.3145916584053746,0.16549993000650323,-0.06866959235948904,0.05986903210874019,-0.06120086140976872,-0.07438331909278056,-0.07404055251493682,-0.12554597550805852,0.11936373887355313,-0.002935356639604965,0.015557280372343527,0.09323443437198102,-0.023377664409870193,-0.1554793990740716,-0.08085604116040794,-0.06113211211325166,-0.025859552238524548,0.03445881065317267,0.02089071942225857,0.04340303071088302,0.07899034811369117,-0.03922221083905943,-0.02448945220464777,-0.021828213177000545,-0.02113124206850377,0.004579577455009805,-0.014223376885561691,0.018488786858946466,0.014340713841303015,-0.008477395031584442,0.012666197455826407,-0.012309376718650419
CNRM-ESM2-1,ssp126,-6.790898809657582,-2.2630137834559227,-0.9891167350266376,0.5514169271017031,0.0959311774590561,1.7243837011723948,0.7086766375013309,-0.13594775818939164,2.77830331539267,-1.206132429318167,0.10479006540079769,-0.8975913016311805,-1.0634763345594658,0.055978862496464665,2.7551573623712584,-1.017730964873563,0.612398048937036,0.5100569152260886,1.1752125978790597,-0.45701372381977096,-0.5814322279622373,-0.1915901385868297,0.2575245207396576,-0.17105790903933724,-1.2584611935838392,-0.015039641190869327,-0.33578450756303224,1.0422141841273285,-0.33813213156463606,-0.6596908935079979,0.06425443212206343,-0.09824107649006446,-0.0219474654360886,0.05542714866628661,0.13813567946232982,0.2049660025877317,0.23656842166520842,-0.13111980350139585,-0.050645676678276214,-0.5296019417001044,0.17400453010593472,0.0849620265163064,0.2295037581343828,0.09057648359894056,0.13621516413527318,-0.1350219966263458,0.06371101382697936,0.17909192349149566,-0.08132272902529301,0.16281181753308172,0.39879348951189614,-0.31495502236667455,-0.10837489824730122,-0.014275996038596523,0.08215550348559285,0.24385787891925564,-0.0607332631655763,-0.07828048106101643,-0.03633012830661089,-0.0899437455612681,0.024367831316422287,0.043462604669143846,-0.111912131137804,-0.15461453852527485,-0.02270308355538705,0.026304804534432024,0.049747440842552684,0.039084353162925,0.001952560895241071,-0.03948987684388794,-0.09062711666297746,-0.007315276470785036,-0.025910188640664168,0.09246243263494691,-0.007783490055701555,0.003395753814507398,0.008862841293908583,0.023361826997441323,0.004433049445917328,-0.044294912516836454,-0.010014669705326442,-0.002312477665301916,-0.011194819473546204,0.0014975466149481703
CNRM-ESM2-1,ssp245,-0.5401220303748612,-3.8203350690693907,-0.5889842196146261,1.5614214122655867,1.7980889263470143,1.7348223477081393,-0.6546513054226725,2.064088374192197,-0.3862191175106675,-0.05818882501323011,-0.37365374022308284,0.014500284490694888,-0.16035819975938473,0.8724961814062953,1.2966758989164642,-1.0837036751296025,0.9323008808305995,0.5646950031355372,0.07779498361800963,0.4774658079337809,0.8766472083097279,-0.1859608373723635,-0.22944323241368603,0.3575583454806856,0.1951791018783427,0.46566299865606237,-0.17769235501076508,-0.8653723252828299,1.0178151996129556,0.2800117416539582,0.06579012067202197,-0.16265313395485892,0.14000565034030066,0.32963913682319984,0.4508566869371897,0.059426361139870994,0.6224303049864781,-0.3627150888925542,0.1387617278150815,-0.7832615156329457,-0.13909345765146458,-0.007649368020157452,0.2663228573248184,-0.012542249621282793,-0.6823835286968254,0.06827914611861403,0.03608954293914295,0.15695356109380665,-0.20236404447546372,-0.012282029036870295,-0.3315390638858569,0.15384025848771948,0.06454674632294555,-0.32414475318537644,0.041034636529086996,-0.07969700095407446,-0.09021799950836779,0.260727187505352,0.03051088653378144,-0.06274835975700331,0.15225434808313168,-0.016169880345221866,-0.03595346667511872,-0.11297546752106695,0.06673058842684115,-0.08947902843632294,0.12984089364615312,-0.03291421440315222,-0.005637575731831694,-0.006080090352072223,0.03051669807595313,6.689009586464083e-05,0.0005106088788947353,-0.0051483802388564304,-0.04043947528641803,-0.03743272089288067,-0.005333697226305424,-0.005803420427689323,-0.0015798459107995216,-0.02197197142858411,-0.013365508592751733,-0.017940233770967318,-0.011563871735588496,-0.016213009175260796
CNRM-ESM2-1,ssp370,1.3067065081077667,-3.248899051504872,0.5527745439232871,1.1479052408305874,0.6226757997059005,2.282768119432811,-1.981785253773274,-0.4107081858547993,-0.3462526643625567,-1.4869617700390536,0.08240144790672588,1.0986194153898252,0.7536561395101181,0.21747269383358442,1.3474817555494898,-0.6939024670960902,-1.083435965479231,-0.28459963921734494,0.1478799563564873,-0.49512932060880693,-0.1936401990834579,0.7707806897479521,-0.7810317882015907,-0.21326082139205726,-0.416503625498111,0.9153628803086614,0.04852664968885771,-0.6999235905201917,-0.3799360205713421,0.7451801021835686,-0.4422522301235046,0.8324049775874626,0.3207725558126038,-0.34391996057294744,-0.28036128432721685,0.3189786115137842,-0.08086925076251107,-0.19684238043080787,0.1455894545492105,0.08733563307003676,-0.18250489125640515,0.18531252203697757,-0.21881332508353013,0.1306935592168214,-0.3205460066183154,-0.3642771054516758,0.07895574821365554,-0.20353538778214686,0.17995324604019935,0.3907875103272413,0.08096430172219116,-0.09839424382289311,-0.17087797603184404,-0.15900100522189514,0.16461323728745908,-0.08724547883307043,-0.01633175563758691,-0.09200191801803359,0.1444646281058647,-0.09257246467028753,-0.0804766186192139,-0.08602529288404304,0.016905540276128287,0.03406090440506085,0.01667206604958197,0.0705870924473126,0.09426749271011951,-0.05696216881888389,-0.005798464918050352,-0.041539198132758845,0.015676882056814063,-0.08554825094358115,0.02467490814528883,-0.09118195972301706,0.06840737882834856,0.029553327213315304,-0.0010695866272081424,0.023188864034011623,-0.044869216991733185,0.0009885422352729908,-0.00036288145571060457,0.012041864062176846,0.007998815021524506,-0.0009303919137527632
CNRM-ESM2-1,ssp434,-4.72675645378615,-3.378659146266005,0.5320698391556884,0.1624611307737686,1.3400316133089984,1.793346047545378,-0.3265852032343361,-0.31751869172964586,0.501666267850535,-1.396068717707429,0.31018874010911174,-0.5860822111492535,-0.699280644785925,0.08275091799614182,3.1061380512454124,0.1390854545020478,-0.8189005328899271,-0.4560969475255446,0.5635944735452469,-0.3258207957114517,0.04509296790251323,0.9393486786351751,-0.7149591400429246,0.20175483031670874,-0.6830397614684458,-0.633358112552909,0.7315227315832886,-0.4996797631710196,0.027359498873731312,-0.5005714761859622,-0.4965569596090354,0.1493598976850745,0.23578156904875822,0.33572309333920175,-0.5206306789354673,-0.02240889694895028,-0.03551391310060313,-0.23448849162116078,-0.14682357957473685,0.08131748919974242,-0.1800229362072977,0.27545777497343127,0.18013478686418397,0.054185489835041775,-0.16705158789484773,0.12285704285015864,0.04716256027749901,0.011024927197684347,0.009709178769578816,-0.060135195927443916,0.25574870438972586,0.09194590891980994,0.19057742339142936,0.0994049298591111,0.033189782113633166,0.10477172257774511,0.16332420737054587,-0.18449123539715112,-0.17392069012585282,0.11542921836347245,0.0010064856457774813,0.1367670240380773,-0.08801022145513514,-0.10552312054652571,0.027651165097010343,0.08672988170470461,-0.09845374823196629,-0.017569985694101158,0.006848752836976042,-0.014854431721760479,-0.0026367987314742545,0.05689991304839917,-0.06342041890336916,-0.06153908225143017,0.020592340665950747,-0.04665526543091519,0.003839812353078807,-0.016461801734427666,0.028501554043251394,0.016574557687918767,-0.002479331661486795,-0.01003419419172526,0.005237642644781576,0.005631631556735264
CNRM-ESM2-1,ssp585,4.924622802341355,-4.494387304088352,1.9534417960440287,0.6150950488564482,0.16153836428798207,2.824126674302942,-2.2110971724887287,1.0413821132510757,0.05204059062923115,-1.9042895740387853,1.4387548087942086,-0.06866018313567458,0.5247604326684598,-0.7330559488665903,0.7684347612415069,0.7335055221980092,0.6493029178466476,0.7164707034981752,0.8912263172221527,2.0077592102920563,1.1493089705261474,0.6317799039966324,-0.08247940513734216,0.7718915334168388,0.6603748713474701,0.7923783390823094,-0.2357539168663932,0.2922049582831501,-0.05710668104090525,0.2624098066609093,-0.2620399403336502,-0.24516918080242583,-0.47113200106351893,-0.20135841125676068,0.08553830097679822,-0.20716671857066582,0.2952686138486594,-0.2376376038215871,0.3276989853687625,0.2809869680932712,0.08990371109868399,0.1969071300593831,0.10906064381527955,-0.07958141395455352,0.3231425248616365,0.2151163729995631,0.2615349121393409,-0.12067276020579873,0.11012646590355023,0.005519279920042937,0.0365850246482763,0.2640594199280345,0.20856768005516738,-0.010169930314290653,0.12265500407975158,0.04108496492694113,-0.2562985718088268,0.11790976025774805,0.10456933708356372,0.2523525937467043,0.10560983168528107,-0.20988753023733658,0.07356867696821522,0.014662458459369932,-0.06990398559856419,0.09691580454187892,0.07104911017291289,0.08697283101282546,0.012724476225651513,0.019400992527025495,0.04610936575556764,0.0530462970321234,-0.022662076600397506,0.00991360239460793,0.02806406843442643,0.038549684550588534,0.006578419764615925,0.031205945828517444,-0.013882232576094637,0.005527246474052645,0.004290118261723193,0.012276123677793276,0.015188251758373775,0.019968879052272175
CanESM5,ssp119,-5.427814502128909,2.848293761471412,-0.07988059851742733,-3.128506715775104,2.754859289903658,0.6999105990516857,-0.405620237123621,0.0436747327050079,-1.2301446059964856,-0.7806723167936063,0.6899170961555153,0.6300885978755817,1.3803714513245644,-1.217133850910779,-2.0841073908683185,0.49045918570458963,-0.3632890683133827,-0.3716689939038067,-0.06157245191404301,0.5764807570652186,0.8867535052219713,-0.3773013921620489,0.4942980974830906,0.9142115271624388,-0.2341928757764723,0.916834377127013,0.8615907968569403,0.08062161936210892,0.21130883579801388,-0.5044152222374626,0.1170586640749484,-0.6304476594563251,-0.6025815491170368,-0.5954941498933336,-0.047794955740934404,-0.08412397565840356,-0.07327321273202829,0.27323526473555587,0.5462943540174491,-0.5432570883832066,0.1982519257049032,-0.025925296889900175,0.1340262167034532,-0.0033611536326155255,0.2750415868727787,-0.42942543019656465,-0.3436889754922371,0.23344896256289163,0.2102405080663046,0.23920598217496394,-0.204416396856052,-0.16677689001366353,-0.1039181312977429,0.006320116115015005,0.007803055414149276,-0.16129175535973408,0.05708081012526705,-0.08854411415802069,-0.09608690183249312,-0.07464770963388606,0.14258477832825706,0.03727088575235818,-0.0627641168981663,-0.18244347915384182,-0.029198571189632153,0.006193513925277894,0.005200729645694567,0.07607173529534561,-0.06142987826985644,-0.008114980489731574,-0.03168893230161083,-0.0198376490628489,-0.04352239518535616,-0.01902651138732406,0.011287193154905444,-0.046387425421726955,-0.02534802401527277,0.025025391530975525,0.0195802545990343,-0.014888443074035604,0.0026381850242192446,-0.003706321364239125,0.009026120479689322,-0.01285634675230197
CanESM5,ssp126,-1.8370834275242438,2.400497023216909,-2.231065999217783,-1.1001362471201703,1.8083906447072908,-0.5399764848346358,-0.07954603938544352,-1.271574792235974,-0.2621122602297104,-2.5681493632153227,0.660019168519433,-1.0492245223968448,-0.6561074528623246,0.727103368076722,0.3099058524155974,-0.14810966261447303,1.337669549181841,0.1607833920567557,0.6868771050444862,-1.2528865818821004,0.7529239103712132,0.04478814038691889,0.5815532361745721,0.9709075836913635,1.1763311463393205,-0.7868002503552362,-0.1575517310767975,-0.6227782030791226,-0.42842059489585943,0.9396425264254419,0.796964939509951,0.05086577739995566,0.8034188818007294,0.2242217754398196,-0.1316817979541551,-0.33352356816067563,0.1393357905429262,-0.13675826319691223,0.5327936965673915,-0.3816780932407365,0.3162147978745982,0.06567737807046287,0.18837793482466703,-0.13404261988466662,-0.14353125928812074,-0.246011483630665,-0.21589504436653267,-0.17447177044675494,-0.013538677024901016,0.20487295408993458,-0.05928705619253425,-0.14781389989387125,0.2124153773136291,-0.14935596154512068,-0.14912561384094614,-0.033271939166371015,0.126746947724179,-0.1329784526476719,0.0359899306436407,0.21071671586705454,0.043298182797538186,-0.05883722620734287,0.0015666314794686347,0.1755637452128616,0.06070009819949132,-0.07652473126322791,-0.02760619186313904,-0.00960955375336318,-0.05006128452190878,0.04696330042786502,-0.00835268761152205,-0.016074931624268055,0.02614784950692148,0.0681562357279667,0.004440892597519643,-0.03218753718714474,-0.0482055322392558,-0.009128993579928898,0.014016577878157339,-0.003955908233499851,0.006364851211660186,0.011977967155660983,0.006143454797072724,0.013874791140319673
CanESM5,ssp245,5.0260777771374965,1.0854383277124762,-3.966575748700954,-2.3188286943811907,3.200663650468714,1.2400416231479037,1.0162325013666036,-0.1055184187391478,-1.2652047832419102,-2.297191325381962,-0.3499564844106007,0.20785557904631338,0.9845277006361605,0.1275504977575496,-0.2930879890913905,-0.179521391018917,0.18655215920337267,-0.034001831347612345,0.6679981549600642,0.8714795375139807,-0.49145582024732704,0.5051052202090028,0.2415590555260793,0.5968684435627789,0.21571413545183352,0.09343972696807976,0.28673911439374417,0.07384172673240985,-0.07828240586605598,-0.7591829678577413,-0.2378533953366436,0.7629329614922874,-0.12274904970876399,0.17354083705355292,0.2136220007289012,-0.2238605231790607,0.7409165647823082,0.24122604632256298,0.003661139159984004,0.1940136652726534,-0.10217109563748929,-0.48521912342037526,-0.051475436549765934,-0.24101913712438922,-0.1686580022483705,-0.2568482017516818,0.2675851542110094,-0.365933872422649,0.3186055079287207,0.21734250473868094,0.019226034209219884,-0.10257585347325841,0.17053554344785554,-0.09057575887129965,0.07100016876695397,0.07383302435440374,-0.07044296746992368,0.050802975419450815,-0.08863190160499626,-0.14482249279212497,0.024336954622651938,0.06951852911638734,0.1289043478658524,-0.021560590251975476,-0.06625279315875386,0.052425566904653484,-0.27142740024696216,0.07852074442103321,0.023288081950361465,-0.00018107546822430644,0.03878468656115851,0.026139620730329795,0.07261297519440871,0.06348939157692085,-0.04365531462621208,-0.012322105828741473,0.02603251958270347,0.011906865247215593,-0.007902530697267374,0.033363971352258825,-0.029733913518929633,-0.0012929353736339543,-0.006979830244577887,-0.00878929787854442
CanESM5,ssp370,12.641309301635827,5.225867768242387,-4.562685932676551,-3.556466819134287,-0.40406255270522334,0.9641328091483558,-0.29891458703171464,0.43604605699140864,-1.6706760550040012,-2.731508845483106,-1.7434585751910538,-0.6597610919805965,1.3482987265986852,0.11602694060810238,-1.4828141318848516,-1.3541858920106609,1.1722587751687699,0.7880231117632552,0.9899938898965648,-1.2508730994509822,0.2831636248823047,0.21146789318813985,-0.3734746368339941,1.2172723043748914,-0.6485673253387204,0.6580574011070444,0.03963613251195175,-0.20710455323193114,0.37844776464387936,0.07660816942886224,0.10985387072428666,0.20226658366950975,-0.16814791377970356,0.29567920621096727,-0.5323945186229384,-0.13816854458086436,-0.3426395973180194,-0.4038818366958368,-0.8828051961179292,0.013105544953804775,-0.290212102940905,0.05561445662566743,0.13145255764255448,-0.2461161996373036,0.18006807564378904,0.4091678636212933,-0.05387657046743496,0.006854328014530664,-0.2809294973862925,-0.08917274560185924,-0.01555486110423747,0.10927936231671985,-0.18512074299980572,0.3358004750277227,0.07532384086794706,-0.1592386595725347,-0.022076219555116506,-0.00692381540224707,-0.02894236803676469,0.04524268112546772,-0.08904660934867809,0.10483303312645365,-0.09958693113866404,0.10166377246928093,0.07968258218678553,-0.046879071372005816,0.015697715947909915,0.0590525417243167,0.03901420850533528,-0.0989745196661456,-0.009859175812604232,-0.009884566519531087,-0.0541838873434381,-0.018334733184608584,-0.007677936628133801,-0.01666589361726144,0.013047348497671444,0.026288872508871193,-0.04043835556029313,-0.006808663631057085,-0.005949493417233206,-0.004267350053554312,-0.01007421044544616,0.0021312559696259714
CanESM5,ssp434,0.5589339201956462,-3.6081940866250224,-3.2672424791887096,-1.4507186494304438,2.13507287606608,-4.7434922727155415,1.9550203486203634,-1.3764656524182737,0.33700856780896105,-2.7898144307560266,-0.08638387741291521,0.3873228295649906,1.1940198302002343,-1.1310633719759693,1.052326101129259,-1.9829627478535743,-2.4153257785160553,0.506147333359629,1.2314230898588951,-0.4202732438490667,-0.8474866404828627,-0.5034212556779042,0.990160885988875,-0.05718937142094005,0.8903901717154319,-0.4744739018572327,0.008770905997252094,-0.17017060415460553,-0.1916532097873676,0.08146306082933485,0.337756996310473,-0.13973485628649537,0.6992320899533856,0.02640719187377679,0.32251762598059164,0.6401867139606398,-0.020963081522649127,0.4862654441074799,0.12911136770411727,-0.3400673796601146,0.1803174941568964,0.13032355726551817,-0.17740380925954716,0.3349179631056609,0.055115945677927054,0.13881909838024103,0.18279839926867952,0.18806341102619784,0.548016328172738,-0.2687457310514428,-0.12904555386780314,0.19181029844060893,-0.20424611083898975,0.019217728544839427,0.06970678028565168,-0.06718996342419965,-0.0951127820204757,0.0030659179064877105,0.0046928571097220265,0.051539866680183816,0.0494362067459592,0.10490951089738944,0.060827902084441506,0.039504849516670604,-0.08063200594709624,0.10922768563388278,0.009642009563239792,-0.016797748709402312,0.06913513184572022,0.01210025546791953,0.03503773791948346,-0.030439459382390104,-0.044405379582416644,-0.017506226074866155,-0.024976872110402164,0.015863484681441033,-0.008927304067906703,-0.0023803017710786844,0.00025560243685983104,0.0005607821278027546,0.026229399070107913,-0.013611267066428626,0.0066093963078998706,-0.0006800044962495775
CanESM5,ssp585,18.195863494707265,5.158344458544699,-6.781896189142621,-4.709817404889192,2.2747217643416904,2.276613316562708,0.5763700587980858,-1.0890103964221307,1.16824389073753,-1.3785176969599329,-0.9097808614244153,1.49354581851078,-0.7367533569629008,-1.228879446954315,-0.1722002482703546,-0.36617916267451045,-0.002007791126630127,1.461992008573902,-1.015461139121631,-0.9766653923639583,0.5738103112967309,0.8633587875842028,0.868071024460904,-1.1129809374882058,-0.6494722262174797,-0.676461666436465,0.5196261746253572,0.12045059583204451,-0.157133303650654,0.008112133282070938,-0.4946190329771418,-0.40675771374809044,-0.4335687381576707,-0.5977759597437051,-0.2855090891782538,0.16733545087545024,0.3616404467165556,0.18443787017103483,0.22622406955113156,0.08320756376074237,-0.5360625075559121,0.05610811342436738,-0.07128532301452839,0.09965613782445995,0.13577042294551878,-0.006780339327049062,0.3274517745361488,0.024845680220169877,-0.23036845981187032,-0.15463325913100998,-0.04262887467838612,-0.0036719634409241686,0.03859412723514817,-0.2109151108287075,-0.07000043130513113,0.028594806692156798,-0.017600638840447356,0.02730379893478442,0.11699747225116722,0.025976521849714468,0.05059747311049384,-0.09461884526893681,0.0005188648154154467,0.007060153792398735,-0.017745164524450657,-0.03478315581848341,0.10286613827843366,-0.10740157466480296,-0.020503451584198796,0.06602073486461661,-0.031639397190112856,0.014429579818994372,0.02349925682764869,-0.025401759481118506,0.029534148629620796,0.03267402209216054,0.011598287246422848,-0.03677402325307091,0.03439685348857923,-0.004567695501740448,0.004058812251039636,0.0030979343831443267,0.003508463771184786,-5.866132217852816e-05
EC-Earth3-AerChem,ssp370,7.479681841486065,-5.135345250924072,-1.0817870269457943,0.696174588844006,0.14219362564696356,-0.18281769433689865,-0.7165023823336507,-0.5734070923937469,-0.8884094408812739,2.144414279670861,-0.8657875410119128,-1.4273668155656247,-0.6528130447736562,-1.006336403629829,0.19006189391335077,0.6505907529979124,-0.5914028984964949,0.49920486001785014,0.2573031774847247,-1.7779952334610445,0.015140178957217261,0.550300409955323,0.497576065276144,-0.47212448342058666,1.4101418968813135,1.3709367144609443,-0.38408076933123186,0.2649807239355797,0.4548823127083586,-0.21533825775168738,0.36705368007826783,0.0842230183999944,-0.11354379644271795,0.7036003941986021,-0.494869560784598,-0.098812277985737,-0.06498502666641405,0.17124459834172137,0.38267268865691556,0.10162440412715523,-0.15342025598142742,-0.07337656159728445,0.4725855914317226,0.1669439124409622,-0.11724380677436536,-0.22976204014908194,0.3155823208952284,-0.3558409086551577,-0.26537411624702417,0.1098500118084466,-0.057407752665754624,0.24766811269884073,-0.08991229568799462,0.15615555016261032,-0.23574957372554897,0.3458450496849562,-0.010598922059054706,-0.0812032179334641,-0.019785946250983375,-0.13738631586586886,0.05626095904627608,0.04326285806468041,0.0641795944930806,-0.02485881076882538,-0.1008140720040406,-0.04273467643189376,-0.03912422671140124,-0.007090983516650097,-0.05454557798716175,-0.07233793852682356,-0.0481417699004828,0.0024567249815653685,0.027189834849485284,0.009249456971893468,0.010347373773215391,-0.005790349148610051,-0.03721174938679476,-0.05038175115583358,-0.011686895859964538,0.01881680467401383,-0.0063435455465907405,0.005115824643372538,0.00996256196298731,-0.00944560806928131
EC-Earth3-CC,ssp245,-1.2894262703910058,-1.0426767031713557,-2.166825034272116,0.8058857626426881,-0.6521537900630102,-1.1857322746172012,-0.40295917798371217,0.5038280651642237,-0.5524980779897675,-0.7711046134333384,1.4138365443082122,-1.2984003149195253,0.3301849567107785,0.5107130900758946,-0.5606021431453726,1.0781852087420527,1.2352584525811012,-1.132735637084578,-0.3176939403097254,0.6487545566542802,0.17214057094116364,-0.6314840649264252,0.26626918092415774,0.10385949277047173,0.0523893286818552,-0.3648210717501674,0.30053055038963056,-0.06405013090100596,0.2847523514927099,-0.29720324088618894,0.26481578349307794,-0.07066271141615356,0.007044957023609364,0.18206498275096014,-0.06741576557057867,0.45531433367911434,0.3007833128384623,-0.2751952535412343,-0.6687039544475307,0.054387707351167894,-0.15325389382603108,-0.03343003095997966,-1.152946814304242,0.8064904255395509,-0.4128516358243157,-0.28794346723069786,-0.09122988854986172,-0.24870278440344853,-0.345675492047758,0.1534280183743157,-0.22559695362470708,0.2519324607327839,0.09713672833429013,0.09346454685578323,0.03668624254994296,-0.091678162627156,-0.026857469216006978,-0.11622894090079285,0.11929172101350496,-0.060072780605858286,0.02542570769515132,0.13748362828656258,-0.06830200060614107,0.14672516748827957,-0.07373440443332441,0.10521853561430458,0.06882444149585212,-0.02155734544724608,0.04515310369623165,-0.013060598922040333,-0.0694240757845057,0.02974105418638293,-0.01657091684535065,0.03180490188931999,0.03478324888743192,0.0006315962740581677,0.03395743217889591,-0.004562004982344523,0.040604097159537715,0.014039410414483875,-0.0045093392681374205,-0.004191072386022448,0.005328395848019299,-6.107669408096284e-06
EC-Earth3-CC,ssp585,8.710595621328471,-4.97972533305801,-0.724147575233656,1.512863573055377,-2.3428838314344804,-1.3747948460782413,0.606748201033622,-0.6163723070678936,0.6193828287213576,0.3652487720409183,2.683160464478489,-1.3049222140533585,2.069569057668117,-0.3203467684351241,-0.06631664060431083,-0.10418926986026789,0.5399683315380722,-0.6777365638230424,-0.4005740438853249,-0.48857734212446646,0.6635155678020377,1.2650432323783132,0.7344342547001005,-0.16444959304855436,0.7009922098180958,-0.7954229044060043,-0.08775878227302425,0.4879700505604754,-1.015596409873718,0.26817173279204104,0.26340661603927973,0.4908901466523591,-1.1416846456952905,-0.23480644635185843,0.051549214120482724,-0.4395715418175655,0.5066073951330504,-0.5959913317699567,-0.653165941811047,-0.2562319004381689,0.18177125833722496,-0.07853203676634271,-0.17969043113109592,-0.1952652225352711,-0.2994213804773089,-0.1334463474514075,0.025749401684493696,-0.14232175634988006,0.3665864758062611,-0.19319217397943103,-0.05807046021593756,-0.3518170125988601,0.012161297236480814,0.1875777186351138,-0.11907754910002605,0.15023242514186474,-0.054755946172783836,0.04826660514936024,0.06163050345744724,-0.20293033297178584,-0.017390719741512718,-0.007941978889040528,-0.11733770359085752,-0.01295220450121292,0.01714373081527065,-0.0726531312485203,0.06899292871573422,-0.051411343692650796,-0.038000467251168596,-0.01116099269539893,0.04762316973979557,-0.06120487669755317,-0.04673675119242935,-0.018732966022265405,-0.03929437135157821,0.007852545614662268,-0.007819644905369115,0.03544454579904072,0.002001539893957897,-0.01006321278823501,0.010960820466427006,-0.001703689588618968,0.00012502790893663778,-0.0005752317681903351
EC-Earth3-Veg-LR,ssp119,-8.749308491123033,-0.9062810441099878,-0.624619049911644,-1.1924907315538442,0.38171661700977966,-1.949867717459864,-0.7231110757593853,1.7828426427483013,0.6232731103619149,0.5559207672972111,-0.6376023988489518,0.1760401912482635,-0.16050421293942657,1.4826659902106163,0.17016588471374902,-0.6648225059119823,-0.01189566665525234,-0.5443586043827208,0.9786657763272046,-0.2573711041756117,0.5596660012096673,0.1983028866172968,0.7835149093761282,-0.3057048606130945,-0.16320367458188767,0.11407212724974651,0.06550021451958302,-0.1774726143168806,-0.14579863276260036,-0.3453108739178209,0.21424993465858613,0.8420242713371117,-0.5261410390336768,-0.17301201686852596,-0.8187037971904731,0.10052233141999013,-0.3120457782672738,-0.10691254684300881,0.0652924251798097,0.2508202255503835,-0.6465403804295148,0.33614909782786495,0.09945606877272074,0.053506748598115626,-0.19877067763146855,-0.2331395582337386,0.21031382122134068,0.3855633192279154,-0.009200218959523686,0.2777035607060562,-0.0323422754199345,0.0030947402099281477,-0.14221307086429455,-0.0558349228537728,-0.11466666435920177,-0.13746441368041032,0.20828027896860382,0.12754909212111679,-0.021109406477024622,0.035469652596654536,-0.2933624608859444,-0.1718165757715313,-0.06686385673142786,-0.04187309093122697,-0.04437664770813791,0.10375347031215329,0.026586833114367703,-0.024122375831649823,-0.06969909345924298,-0.0018539923122045012,0.1175366873242521,0.0092366586049929,-0.010976440037186633,0.03325346777952663,-0.029359973900354774,-0.03636053638073997,-0.00419727632962463,-0.014874281874444327,0.043506922174728624,0.00663428019135979,-0.004153197122584119,0.01169141284284724,0.002561907474319474,0.00171932640449068
EC-Earth3-Veg-LR,ssp126,-6.083730602055866,-0.579859048595859,-1.810987219393703,-0.7058682237652558,0.5459403850371076,-1.8983086848015918,-0.718987704454407,2.3705849098464973,-0.49245680448274015,-0.3012472902302071,-0.5133809778855832,-0.1869662530482509,-0.17165733705998606,1.6419825936295143,-0.520518904973475,0.7341730524183405,1.2279114052112308,0.4573760985652075,-0.19047460893434123,0.566129995558542,-0.4012481509718385,-0.163341499119158,0.6048929189955895,-0.9178393458621288,-0.7203903217540107,-0.8972654470549625,-0.4751536378974969,0.029556750550799715,-0.0931366914664645,0.41851987138608954,-0.12408910885426717,0.3506470045325418,-0.7003649480578179,-0.0776794125206935,0.1641924748285167,0.22310500144791745,-0.19636334957724988,-0.12057562399145384,-0.25318081582090307,0.23895774014565418,-0.12136469232553912,0.31849489261615094,0.40772535383999425,-0.1253511765734553,0.061731054791742214,0.26862199328113046,0.2315319359210399,0.22953600007304423,0.28279093127135735,0.18027408736246392,-0.0978015500135944,0.20063192421010348,0.4490365637994362,0.19558232119044366,-0.07251714427703912,-0.20447587078324925,0.11639769098367354,0.05187717768140655,-0.19645746266198574,-0.12903246282444722,0.13990901438164277,0.13052896757861468,0.11951045627597857,-0.08084335032504332,-0.009622137530004545,0.06202137444750076,-0.0033386180735431367,-0.05657513342039627,0.00039869753601755266,-0.007197079767778042,0.0673154183807132,-0.01279014675445902,0.021677101843712753,0.0321270653489584,0.057914547917475356,0.02662972010306856,-0.06019558526155155,-0.021006036978508752,-0.030905563780098535,-0.0010541195742067644,-0.0010732962220033862,-0.0067481351027727475,-0.004065600940536926,-0.003009417962683772
EC-Earth3-Veg-LR,ssp245,-1.7753565775186433,-3.1434763213211427,-1.0140379440349485,-1.6016011696719175,0.9524295889491158,-0.7548560293452935,-1.4739356150704117,1.7473476123684533,-2.3778439385406624,0.6936289360079129,-0.08019245983970003,-0.11972666460185015,-0.5864200295732269,0.3081371992719916,0.0852027546734911,0.42959831045428837,-1.139220134455047,-0.7189529782462014,0.8533457881286315,-0.2073421790146526,-0.31088385723084666,-0.013281017116568535,0.7365414905340262,0.1315014800468927,0.8394207684916892,-0.10481180227291606,-0.15802103205056142,-0.26201178120966373,0.5949291233008833,0.3194026223409306,-0.09526007256110604,-0.5451650113019063,-0.21621002629528763,-0.15466164140134894,-0.020927813533532565,-0.2818309482519873,-0.03767030108477456,0.2857571601160985,-0.3171679918873764,0.18223443209086634,0.00825212302524508,-0.14083238625992195,0.12549253095162333,-0.01530778369016736,-0.295354657192255,-0.16117219874935182,-0.06851832145012894,0.5324539215795647,-0.43369512361469964,-0.11161891716477135,0.020411681740757495,-0.3098706050283862,0.22459036543532254,0.19776088095045433,0.055466801990379656,0.06452139278436016,0.10970509685402831,-0.13397612902123565,0.051048715259121025,0.12402765908203563,0.13370551932819225,-0.09953487469755859,0.17440094225655184,-0.0539433268308464,-0.01126310711206464,0.027626786408504925,-0.1202200139535113,-0.03882168124123899,0.033050476411548235,-0.0666417121995424,-0.04271480523800106,-0.09252386853668859,0.06104261600781045,-0.05438578939326259,-0.028966429903369943,0.032115630882797286,0.02675038627495362,0.06225461108159795,0.0075413336813095165,-0.010125519473937807,0.005911370913474278,0.011310137389755403,-0.01390105923074087,0.010660750009910742
EC-Earth3-Veg-LR,ssp370,4.21138524295189,-3.143762737399655,-1.827296454137901,-0.6014399575068043,1.0848868377047576,-1.8463299141237044,-1.1647349366799225,3.2542078621840806,-2.0532607309664406,0.686085579084972,-1.6896769324341876,-0.24201846993482434,0.24934997548126764,1.013798937217245,-0.07716120650127495,0.6770304917566501,-0.825173158287004,-0.09725901080289452,0.14405799497488028,0.9976140478905628,-0.40875799275158675,1.538304646369616,-0.008737457762187902,-0.03637566170270572,0.4408426446219101,-0.38741435272698976,-0.21218217533964054,0.7142333562333607,0.8450232502846446,0.29474630803460816,-0.0621928489266411,0.10414944395506653,0.20455565894753713,-0.1200841617333928,0.10160932989191511,0.5531206835878123,-0.0742735816983468,-0.18923128541086295,-0.21775698278270952,0.0246735141103197,-0.13645398006821133,0.15654273509363772,0.20307737532268358,0.21928495516685637,0.27243982451325455,0.4632737211850622,-0.359067997328906,-0.2846058998843942,-0.06746531790149017,-0.060324965224298484,-0.1880267388733261,-0.37502237280000417,-0.05867042182365577,-0.1806782179706292,-0.09320978172387517,0.10917303392257297,-0.002363415290553775,0.14519219421887064,0.04882619538487827,0.20645310427638616,-0.05278816456598359,0.06837659613900142,0.011393426266393444,-0.0398569699266689,-0.009394470777308104,-0.004267391751625222,-0.0031005596523387123,-0.05525678948734797,-0.10178897715554572,-0.008075850465747365,-0.0151733155864852,-0.01385644905727489,-0.07444916207322991,0.06320194941733007,0.01047368749250246,-0.004252779648419117,0.022896111609230982,-0.026430411274149277,-0.006506587671106641,-0.03068809485015399,0.02280888204381395,-0.003710874098519663,0.002254918926799083,0.0006944338826244261
EC-Earth3-Veg-LR,ssp585,8.76783776320578,-3.319269402404872,-2.5935310371853135,-0.7857996654163847,-0.12544606270613834,-1.2885314393107632,-2.073630151506349,1.5585292029105895,-2.6017098171556823,0.28293034125778566,-0.9005438513748452,-1.4009005373608598,-0.6393713029290724,0.9134885674243275,0.24870850119921462,1.3921802405595982,-1.8220747458856572,1.076601317120747,-0.9878593611346026,0.911550602729658,0.3281695080179801,0.30847092797358167,0.8918106150495034,-0.35837578486887767,-0.5559014517729557,-0.5072184590839286,0.1603304903164548,-0.33708515882509854,0.8190180945449602,-0.2072345633680352,0.1508712311958187,0.0772732331539028,0.21740147429351023,0.1423514823958452,0.42859184916381554,-0.006517905261838437,0.05637007127295378,0.44449444940263305,0.03932073336028207,0.4070229416300299,0.5374250417005816,0.13062688571145892,-0.16309228393764208,-0.34803087728885357,-0.13074121984530385,-0.2645688639625785,0.185034553569316,0.4738889699698822,0.26292801836395785,0.1342642914730483,0.43607752230407454,-0.14267022005140495,-0.1215350296843162,0.035436593175441886,0.07207621864039127,-0.013235434809654625,-0.05240663034931115,-0.06915400863929648,0.22905378637789586,-0.0871572144512873,-0.1656714142662204,-0.11286536637457681,-0.10386952950486478,0.1057089121196388,0.1145148497849855,-0.1363345273367422,-0.01568342999254909,0.0782515021039719,0.03738709304868947,0.014033023010796097,-0.09250265925953448,0.07141726717966952,-0.04695617204129874,-0.010475546621148447,0.024783499342525068,-0.01488566926465682,-0.0021839796703850153,0.0038684078015111148,-0.001283134127866919,0.00747824194234901,-0.010690975523413703,-0.008549989439732845,-0.0011487475613115366,0.0008923476238235774
EC-Earth3,ssp119,-7.28732568602075,-1.2847346951556402,0.3867824610479987,-0.5419923008394452,0.53403466318047,-0.1652028240410244,-1.4380052695048502,-0.769725441554558,0.5940219223224974,0.10270092890791731,0.178083789456176,0.19738751581646452,0.5114313574382802,-0.4407231805833237,0.05813578079570731,1.1738866414047253,0.20565794305538318,-1.3228018816430644,0.3266355998015611,-0.7834165501186721,-0.06517855233019508,0.5395108221637539,0.23023763738919817,0.4737770815206492,-0.4076458004957921,1.1294389924063892,-0.4562524920133704,-0.32857281736012567,-0.1047355433581235,0.0563912516243946,-0.5470937546793098,-0.26232356047595773,-0.002903362688715149,0.5230021389832776,-0.10075227596091864,-0.2699123043630081,0.017687457731938992,0.2221856903760429,-0.10604376286557438,0.4234993748851863,-0.14949158544342694,0.20058479449508826,-0.10151934307920978,-0.17929515758379816,-0.04760962868582454,-0.001716430370283278,0.059843593517589215,-0.141183736691514,0.19823783653985028,-0.48758202699077385,-0.2428487839402416,-0.059301706353990916,-0.07206107952203682,-0.10409572320781485,0.2817087826470882,-0.15359336663563608,0.3096635041326148,0.15934577179791784,0.0046297034535865405,-0.004971067313130229,0.11484284445917434,-0.09073669403174467,0.07119782757689931,0.05622587226846965,0.070371393703988,0.04077359616806197,-0.025172131362031763,-0.007713047507069686,0.022133889283696168,-0.014054073354564472,-0.12378086735610595,-0.004588863623971924,-0.026287658517627613,-0.014578882081971322,-0.05758145500873987,0.06089114478878519,-0.025451830898484986,-0.059112420197076146,0.009227474314527164,-0.026436959331876505,0.011959370906958025,0.006937300613729834,-0.004316828377042157,-0.0074098085131682895
EC-Earth3,ssp126,-5.617506385371895,-2.2434834759200566,-1.3755816803550078,-0.29901297995988974,1.1765054586544483,-1.7023187516894993,-1.605610432549834,0.9284591928662618,0.3268355018628255,0.9921270590570146,0.6181992055827364,-1.566036470467875,0.36757850955241916,-0.3916035173931585,-0.8306370349529598,0.14661813474179972,-0.5382304394795581,-0.6260904096432156,-0.6883911989651241,-1.1944118964582624,0.15114939349600928,-0.04515115401859331,0.43778820559469656,-0.1748598953088632,-0.5304840902119292,0.537282540776374,0.6752362181584224,-0.6131215112098983,0.07965649739734658,0.1090995348945741,-0.07705350968529225,-0.058978364120651015,0.012747371558706793,-0.1605360410949297,0.1369178609859255,-0.041698403025357544,0.24952797530948462,-0.5015233434322486,0.0701266674794575,-0.5927592373961821,-0.04365962292066436,0.0605660218694468,0.20858865968342777,0.04259398842407472,0.033402234974300234,0.29341943668611814,-0.4225100417970534,-0.07984833684862756,-0.13533572985211484,-0.01697099936068133,0.08245724977497844,0.25272133806278124,0.055183696602490374,-0.12911998915643477,-0.18795580267832557,0.057039401572348096,0.012651582687462236,0.00821922994247545,0.06684989314687662,0.07907443318165311,0.02614471134959274,-0.039913789726118455,-0.20598319431790635,-0.030065961476221398,-0.11606867920547555,0.1058404019509223,-0.10877333218259799,0.0864636726633662,0.07342333391772544,0.06035874973993087,-0.02120442676907126,0.041920675822493904,0.041980211437803144,-0.04394294403432308,0.0596648700556812,0.02029410632358085,-0.00778021995810601,0.043768424404462276,0.012709892293686608,0.009188465856835021,0.0056303869312769985,0.03219434970649994,-0.02114158827686359,0.0029152596631232086
EC-Earth3,ssp245,-0.5441410335701571,-3.484815794810506,-1.690769590273944,-1.8708534183670178,0.47912700390040897,-0.6812699673527228,-0.2782930451735771,0.33185330800771107,0.615755928166113,1.3413284084127002,0.3290282944321001,-1.0664078166047481,-0.2524265653411681,-0.20710148118781754,-0.14220798342868113,0.5295879622540465,0.22298345036270023,-0.9919766901070411,-1.717298190195317,-1.1360278981210947,0.28990574649388784,0.4757794040860541,0.08765535571652261,-0.11650114783072228,-0.5299160300006897,1.1753492893028978,0.07915864672806153,0.0669465711804481,-1.1324700535330086,-0.5490795779153705,-0.32712970686247494,-0.5751005133371144,-0.03056662533347561,0.011727962823461217,0.6377696933519905,0.4066293884103024,-0.22316268454429747,0.2902766481345522,0.2518010765058663,0.11851077619254452,-0.40487946366167954,0.3461638391700568,0.07730836940792832,-0.017150344450128863,-0.06972958148490466,-0.39189170110759963,0.0623276612328249,0.11866115870092275,0.04467844072505367,-0.18452451431715894,-0.1683409660517269,-0.028240851801942645,0.1046971119051283,-0.056583293153895806,0.05787786545853759,0.05975339795801144,-0.1917674912820209,0.05294415599884966,0.012997341320093753,0.04127830519033894,-0.06774643720705846,0.04584448736377342,-0.06618544609546248,0.17150004082581904,0.11035459475737905,0.08381849865172968,-0.04375021750137726,0.034449105062182,0.024810944762568884,-0.013223166760325923,0.09132708826891718,0.022172584393725214,0.04566158077938748,0.09759408914136322,-0.03141156930930485,-0.025751487673570463,0.03999439756023231,0.006027641142878579,-0.03653836000316968,-0.009942556991060059,4.9188767976195235e-05,0.0011506382195197273,-0.010995087997452494,0.0029311848274172696
EC-Earth3,ssp434,-3.3590335950215393,-0.39566713946116405,-1.3124202581114728,-3.1963695653408513,1.9631564340906895,-1.7437102856688442,-2.515357264783946,-0.342086403927472,-1.4580812252797373,0.6162797325484776,-0.9090886074737042,-1.0721580868627472,-0.12609605125388265,-0.49708304118128116,-0.7422807836663775,0.48156850863950185,0.39086759991456127,-0.4825188760400814,-0.5521649391033673,0.11183962804035609,-0.9255037164946129,0.2572250873198024,-0.35569631939226104,0.005822332694839223,0.04262482701858135,0.5912500866597568,0.09118773108803382,0.024059814197792954,-0.3217711994365037,0.33267491382639325,-0.1041084073653985,0.4804108911290494,0.20298463308585193,0.25871622297086294,0.1612450541342874,-0.5640642803953615,0.004012795378464607,-0.03559380251602141,-0.37428852119231126,0.13327587093225618,0.4643495435615365,0.11444048695209463,-0.1105324103141964,-0.3786893861184896,0.6127156680453263,-0.05555527802992291,-0.09054179887977809,-0.0855621064862687,0.001202911365749979,0.03523072183250871,-0.06303221406284183,0.3466061943742373,-0.3514138945144814,-0.3383007077001058,0.14500599582137957,0.17680594821722487,0.12712135028857843,-0.15985384537125433,-0.03845025942471733,-0.08838054762907031,-0.13445735106453133,0.20743238096449565,0.05610303516718238,-0.1453142268650538,-0.08237431228910057,0.08300151249343687,0.16867485245429623,-0.04917250962043032,-0.059023639827801996,0.08632199096663584,0.022431807213125616,0.02940019772016734,0.024797838754143743,0.018502257083154713,0.002831336446230207,0.004809224064746379,-0.03774507290891138,0.04639060903033034,0.01673513064497797,-0.009342392624167181,-0.005234666585986776,-0.006253747566676717,0.0006847140172721803,0.007512834724427402
EC-Earth3,ssp585,8.254612175775508,-4.893279311609029,-1.5237964092564271,-0.7905924041919278,-1.2984544080483984,-1.950486258645227,-0.0005066613500039338,0.5738268730051098,1.5117466726049562,0.9164425579918222,0.11436811448715542,-1.8430905406658553,1.786247050222479,-1.2281734249036744,-0.5695169655597605,0.9905834556683759,-0.7552380660436911,-0.708421798661175,-0.9078339522355307,-1.0771621578572432,0.3916248983541812,0.08935674559118349,-0.6141231907945114,-0.18267723396709337,0.21467292245875946,-0.3394883312635816,0.0855215158923432,0.13673539549459165,-0.26858212284853134,-0.314556307166019,-0.5275627946053649,-0.4127179202496815,0.6115943706687663,0.050395350133671184,0.31315685845643787,-0.5360186701622641,0.05895617850934467,-0.07430849340267483,0.2999675110522009,-0.17053451610502168,-0.6305276998386308,-0.657011939510944,-0.09440720140507633,0.2594710572371273,0.11126609965866589,0.2509738095762928,0.18191665004628557,-0.14614727104922562,0.14319230291554744,0.09517701200512158,0.375371540413795,0.028215905152207333,0.041788951212265626,0.013934645382353523,0.0369822144974388,-0.28774712596417024,0.1866922875082117,0.07776295175295589,-0.2885233713279598,0.1618980426599541,0.03111620144827343,-0.042667691036732285,0.030715216378072063,-0.13765806179313844,0.012188168190519722,-0.17005284556644146,0.10693921849703489,0.03739558532098882,-0.017141566340536863,-0.01754386540195873,-0.001764793737372581,-0.003248180972791365,-0.02644864296106122,0.002022661230600043,0.024508709719658194,-0.028277535716742214,0.0014343042355053927,0.013414363510153912,-0.009095162616373895,0.002036494671437763,-0.016678930780792155,-0.018891894181351086,0.011214206014886907,0.005965390830197753
GFDL-CM4,ssp245,-1.6722048110791616,0.7659350463094081,-0.6123087201570271,0.8941354699655206,1.409475266147752,-0.5819274816746334,-2.225986448457996,-0.17389497432505416,0.14984861789899537,-1.0807171150053598,0.5950739028666316,2.3445225286247124,-1.0638280689579647,-0.8669288343643718,-1.0930982852368851,-0.3578964460284757,-2.1970629324150206,0.037121858839148786,-0.22323732464357396,0.20903530077622975,-0.2766748242526781,-0.9728812544627736,-0.3875090619395267,-0.026379434041802142,0.5435949780890609,-0.9193515183257582,-0.17733507081502395,-0.5067528547381401,-0.6054568272693458,-0.6580986555000399,0.3445145762346903,0.2581751215916965,-0.12605309439520312,0.5010022704857869,-0.13211660692294613,0.2302829260605764,-0.2353775821422088,-0.29284380416432115,-0.23744551615836074,-0.153887743747803,-0.3839374121767707,-0.18856795875261742,-0.03563071480612919,-0.49556778944224555,-0.21957009388078005,-0.1460201500655429,-0.3656028338413096,0.2073100999455044,-0.15114968654063402,-0.11158137053640803,0.06054763932614774,0.06938207076341617,0.1799140212918975,0.12128914544647688,-0.19689251011336587,0.250861600114014,-0.06924708810110802,0.11196663057004606,-0.1103813884446051,0.09402721044450493,0.06776651248350289,0.08079693901089927,0.07986004326527228,-0.04752972617737364,0.030938084037853215,-0.05868593302599153,0.17709260106409425,0.034790363397253964,-0.025726930263306098,0.042274585588617596,-0.03378053982667497,0.04309561891806963,-0.019682197755200682,0.03018260910190925,-0.015038624917165209,-0.014353843289621101,0.005522244692758958,-0.008335586038241772,-0.03445030791937753,0.002580881567968832,-0.013527535851641225,0.035976465194067796,-0.00012164619716915022,0.007952289238308152
GFDL-CM4,ssp585,5.860867544864157,1.3896450057641225,-0.45023423454303374,3.5333849198010148,-1.5906808816971783,-0.058778764477846905,-2.673938627203605,0.6278949033259628,1.7778769725317056,-1.5952830556227813,1.2792730826217917,2.639696186772723,0.5259683546019128,-1.0075959957821028,-1.2418739110079327,1.7403145546562473,-2.488433266338799,-1.1573197292954875,1.3207822090104875,1.1029473232197196,0.6217260160597146,-0.8412618185279461,-0.109340015843407,0.3053780067070388,-0.1015887778607771,-0.09420115638558194,0.11301747061083263,-0.4583766837750777,-0.3315635651831362,-0.08047775805364255,-0.7183646644426108,0.4623078602735392,-0.11311014683047985,0.31256622190599986,0.13423391810091054,0.2036107969646915,0.10224034446564648,-0.1979248364125263,0.2109375829389859,-0.17918236717403183,-0.28876460143141564,0.4100496333257216,0.17981427041503303,-0.13544158274786744,0.09106445735945376,0.07173647499755485,-0.07250781243981401,-0.08069487189540726,-0.18263281071897333,-0.3384683106028522,-0.12516811460720564,-0.0032189330423237797,-0.06523257699620276,0.029388137798068523,-0.0539528048454578,0.18038177647922748,0.106253621667118,-0.08067822792754638,0.06041154185375882,-0.2922606195121289,-0.10109658156059134,-0.032069421446607904,-0.03960494701928771,0.08570614677866174,0.053920886023897975,-0.10421942558695749,-0.08427654591239296,-0.009879215281867047,-0.0020054495491346244,0.014564022556203567,0.008627102079800244,0.009119708890726393,0.02786468614375908,0.035925826655718834,0.03757999960852642,-0.015953916022444583,-0.023399634255203864,-0.006816331713160619,0.01467019436736919,-0.011977183556867459,0.0011347079639300894,-0.025999535094255923,-0.00606609614962748,0.0004288895944974429
GFDL-ESM4,ssp119,-7.426216660272786,3.867205605516712,-2.818174300819057,-0.4199376490835727,0.07549862405733752,-0.916368676185316,-0.1286048777958769,-0.192367634551722,-1.7321965264018007,1.3027570136725821,1.1938414598620368,-0.6157594512687062,0.9862040642024464,-1.1268990312058742,1.55346904852737,-0.6520297140347575,0.11266793221544424,0.3510553793304369,1.4061657117590738,0.4237846075418262,-0.6735691275233862,-0.7257655934638023,0.03330875224344047,0.6881611548287374,0.4301004120300785,-0.08101888875789266,0.32318066604496115,0.18623400108853466,-0.5262890747778609,-0.019257883626915478,-0.46849884085071175,-0.605151751975615,-0.5352378251257475,0.08474910686878544,0.20090669519484006,-0.3719421799267902,-0.43037546439699415,-0.07663797946638573,0.5985751002046138,0.529382144668065,0.2851475460554,-0.19188841897278702,-0.43612122978474693,0.2657542351153998,-0.21538032778295543,0.38407800916571544,0.24559341656732095,0.24142005167384256,-0.09115142045909584,0.1905269092718436,-0.32748633384601217,-0.24074010818147273,0.09884278354274585,-0.055479653913959724,-0.14747973588895155,0.12790207840119844,0.12399155134434606,-0.0017294592719751458,-0.11385952196417201,-0.0421738353245697,-0.04630583631344532,0.052059064441704016,-0.28322383756510244,0.01826794627982546,-0.0071895314683275355,-0.05449445979579988,0.005678895772204105,-0.06038784787181568,-0.04897307184695947,-0.04589632636653802,-0.009749135028856666,0.05170932862306979,0.03697651311956845,-0.059145128951172354,0.05279147900631556,0.009671766931459668,0.00149431114715087,-0.025079941006470746,-0.040354615229505876,-0.00020670466599401194,-0.011989817532179089,0.009995257605721761,0.013547664243145659,-0.0010194457631992004
GFDL-ESM4,ssp126,-5.902703758392153,3.745152141046138,-3.036330712877003,0.5050277631132108,0.1052386873202655,0.8160993943630338,-1.857227417712287,-1.2168488365517292,-0.7014219622199586,2.3810243918216543,0.7729556325558645,0.5429184602695111,0.4370438455311319,-1.7789684600342204,0.9547045174946823,1.535883721696952,-0.35533551909791994,0.8196093011532997,0.34849415634656117,-1.0966641098691596,0.5355856310647449,-0.5661623243930888,-0.2660446550679397,-0.500702801032075,-0.2852517799732844,-0.11120832578314668,0.1424606760335863,0.04923532846613762,-0.0258857364136247,0.3796675874501094,0.5160112645059005,-0.1736772993484217,-0.11802931547121734,0.19254836195460914,-0.11366713274457318,-0.024680630966878225,0.1779217948869296,-0.49029396362819333,-0.035347234867726736,0.20349632221789252,0.46053797810717206,0.6438503894429582,-0.2972543812609106,-0.049868696167900274,0.1610919136091734,-0.09724259663227887,0.29759697742458185,0.020168981221695848,-0.10081511834115205,0.06768147171364262,-0.0574607370071948,-0.2562324446084325,0.15071674147353775,-0.20232691750253506,0.08227245111202074,-0.13906799281054538,-0.2720837846064137,0.024955048674322466,-0.2428496495786358,-0.08074948325617923,2.0393015958451062e-05,0.14267909283543945,0.29551225427744304,-0.0455480125993504,-0.005103259696166927,-0.029689758573518764,0.020523679495674664,-0.04657510729262159,0.060964283169467864,-0.03791611108046958,-0.007718651973261491,-0.04055068333730743,-0.06623073980990414,0.008331859244923093,-0.004381051555731992,-0.01277898804554979,0.02469145352234705,0.0053562556372267625,0.016272544567723625,0.000394574154627682,-0.021433329180604144,0.0005739085494447301,-0.01606396569185704,0.01108390289948249
GFDL-ESM4,ssp245,-3.1329251241943847,2.732924599671521,-4.761541741971861,0.030354095126690125,0.2153822451977425,0.1645313100402771,-2.323402747503536,0.6808452389416898,2.427791446872978,1.9194494882335327,-0.3499512929760622,-0.1490652929518875,-0.6849777314966825,-1.1793551138466876,1.0606369869022394,-0.07151329594721768,-0.41461701577997545,0.5722096473045816,0.46064425498046013,-0.1271921123233394,-0.07619350006383914,-0.5008341107998967,-0.39159850300396454,-0.06040042602219902,0.09767630853563951,0.017414263039744277,0.24441804986626733,0.320459597469324,-0.03372003906846052,-0.028766697447664198,0.08644598102305238,0.3445619866605016,0.2169309354207644,0.0021744556994961832,-0.11518426836491563,0.02723547424993002,0.009881757607318893,-0.03168131917197147,0.0821267186750625,0.32688539110335385,0.5354136221193511,-0.32459212812245847,0.05959042934118417,0.04805768463598688,-0.3957704042501236,0.15797870704525144,0.11169706733577714,-0.01358102381818467,-0.5219383081349349,-0.03151355618123693,-0.14561268652556592,-0.09013486669678036,-0.09227467253409896,0.21826113485054457,0.2227539977500516,-0.16398977277773133,0.03378006560402571,0.2534516787722053,0.05656631230958752,-0.06736979805016426,0.014124967046012382,-0.09984774144262278,-0.0692495967474351,-0.10665187256922518,0.03598283778482571,0.06499326844050711,0.01543847393653077,0.17563099866980847,-0.028880116208171693,0.1197768218854584,0.05528969750164828,-0.018846107568282002,0.01635310590230468,0.03239533525365286,-0.015913815326329205,0.003838081082701281,-0.017120327555105196,0.015029108186649858,-0.012690511200933277,0.03296058323402196,0.0445339934362276,-0.039701586295559886,0.004446359825437611,0.003058107290879099
GFDL-ESM4,ssp370,1.8419253841994747,2.7055905371870996,-3.212897992290928,-0.06531596537326191,-3.477293221553884,-0.01372850541517871,-2.6801447571792294,-0.08212462516095227,0.9027690592536443,1.7381753150762025,-1.759904721772011,-0.12496981427440827,1.6776512418946656,-0.5191263986186877,0.6089200897173207,0.8811594704680394,0.21423683319003328,0.21735770689076683,0.27243774371343377,0.41614740726703825,0.20754428948924955,-0.5043367759368974,-1.3079943612195721,0.2638367989037827,-0.3846099531400338,-0.44229915612781273,0.8559746995987255,0.5961613437153859,0.0424797365834138,0.1112836768683451,0.42540344776762345,0.21191544963095185,0.6039804188617711,0.4499060876117986,0.6872616957011516,0.07952453289555188,-0.29129639373244415,0.3878367009242553,-0.06599176876700236,-0.304579263290996,-0.27188572406500366,0.11421118278836954,0.0502483687221721,-0.19499760381667602,-0.38334289818138706,0.13967414767475478,-0.2794964794024006,-0.20709254925333334,0.31799187420867553,0.11125267716163396,0.0794378339456285,-0.1616817671360272,0.08410427458313349,-0.20969785935735258,-0.18465124836997135,-0.24969826040849,-0.16518031842429282,-0.04600078181171741,0.05784420969810562,-0.01590275188269703,0.023283926850438095,-0.019774623949695147,0.051299720568367464,0.05755744086898067,0.03082126791501364,0.06833041817847992,-0.08059549672484705,-0.025640853488422988,0.024394603592887167,-0.10430993972866384,0.04430579786872436,0.013203925926060296,0.05216080451391238,-0.03518654142844305,-0.009361607814468235,0.013815921434693809,-0.04121462850440483,-0.007802597794234,0.024608774299430057,-0.018784802654060188,0.002698964250520085,0.009839854430626944,0.00539783420201844,0.0006154952284608432
GFDL-ESM4,ssp585,3.7380237093425417,2.801260717975035,-3.514368528052331,0.622336248101919,-2.5483119797799243,0.2489547401535428,-3.4548805005455314,1.2611982815333294,1.9786902724894206,1.6232812513538342,-0.056993226720896954,0.7143248299731197,-0.7056739405387578,0.22871192738074447,0.47086444758340135,0.03904051150774554,0.6830921860282224,-1.0187479889352744,0.4166827926989273,0.9444565146479726,-0.2415020912784794,-0.43845678495922585,0.07122690064928539,0.2163244940629763,0.3813724978954812,0.32449443615847756,1.4383022682469957,1.174678636970844,0.08232771739035703,0.527869942402806,0.3440833856372259,0.3411048016356906,-0.1742894983253432,0.06114400232194026,-0.3702140382014717,-0.22787819258229366,-0.3348703753444671,0.40112569146340965,-0.32276068225240484,-0.3711129146500047,0.197051434417878,-0.20832721260843035,0.28381477639315816,-0.06486470696254265,0.20849084416773048,-0.13801830912596996,0.20774368241266966,0.21401870434865175,0.3619577235974008,0.08905980103793695,0.1335058418195049,0.35706778959975144,-0.13056023739981767,0.07779175733755103,0.023165069179808213,0.21937265979367893,0.08075781080458225,-0.05191102827614907,-0.03268510582598379,0.1647301345192984,0.2654984865184615,-0.10505771665108694,-0.02331134779679498,0.1810659824297397,-0.011962952712568644,0.006591077341683573,0.032305376761172226,-0.07415057991179612,-0.019562668387309374,0.03921328727028699,-0.007573873748356216,-0.0643223338297178,-0.010710395152851214,0.001486973149255234,-0.012749906544533028,-0.022382911606060596,0.0798471859997847,-0.01055476253678771,0.009223605989891253,0.0005235206252199779,-0.010711850163473867,0.0024845393875019663,0.0057483022367261554,-0.00858644113272313
HadGEM3-GC31-LL,ssp126,-1.5710331581130175,2.4362607306649933,0.5385513033270234,0.6460843885758213,1.8961344108486242,-0.6741901808159275,1.26892922127984,-0.4830065354165438,-0.7168130331241895,-0.5726040305504301,1.8864859207792615,0.49849317483211136,-0.5745632258130309,-0.6667677673784965,0.10593320865112632,1.2870219476843416,0.004075746608741762,-0.37990262363154864,0.8551633778236325,-0.15985309764928632,-0.3186541734159714,0.6332362694965641,-0.9227464368227388,-1.0567753709111882,0.32265774176916784,-0.01293263873264804,0.04934054819442766,-0.22697109855745226,0.34526735829150457,-0.7795428703257962,-0.349841820702757,-0.45568008493188994,0.6141282113303569,-0.6869457177548007,-0.20846566352454113,-0.04672506994768915,-0.21289475951318293,-0.19518300577510087,-0.3190110012002063,-0.0659323176016909,0.32155400748984925,-0.10910033303950839,0.26214282788571686,0.05771846216452242,0.06287080173309756,-0.0886457353631625,-0.13282326451108656,0.14449014098731502,0.18678710421795305,0.33721120288064244,0.004425508419350556,0.22364980687353866,0.062140383008312726,-0.32571310818223087,-0.28611476816555853,-0.05022539217559598,0.16908987754125465,0.026646422331376388,0.17403857991427993,-0.15762371820134044,0.0690434041292637,0.03564773830299279,-0.029332554953978074,0.13739556222655092,0.057726803236436586,-0.0493409742556278,0.03214818005476108,-0.008686953873758393,-0.10664395393561955,-0.04261788917249133,0.016577893092425074,-0.046620861478109385,-0.025205412038714438,0.030812823722127566,0.007375204597697829,0.058187179067097715,0.048666268202476604,0.01713042715416566,-0.042297923372289783,0.013216377674519062,0.007735043432003563,-0.027414073717245288,-0.02232315012285034,-0.0027610874294024803
HadGEM3-GC31-LL,ssp245,1.8124243384190988,1.2325689856896664,3.4529639802204013,-1.6452457695073341,1.1916745345075963,-0.1650050235392885,0.08481343601108592,-0.4011848956439403,0.07529040115850148,0.4999158543758673,1.3939523126034281,-0.7056783966989452,-0.9827509074309394,-0.63120352788733,-1.2326552974086067,0.007718713680316342,-0.13768302755110887,0.6486875004697812,1.347171291338736,0.3163762906092408,-0.08458099324823869,0.4287860395888615,-0.2733273252041747,-0.9092551213245303,0.2547012709059901,0.4032903543126144,0.04642717099384286,0.5785754973078273,-0.6672916433683198,-0.6260854050709602,1.1962663576785069,-0.3209927481811056,0.15253190581602963,0.02306939673866875,-0.19453824431562408,0.03400315334915063,0.0294466735303255,-0.7774572930571512,-0.2304911784140676,0.0667605945943418,-0.3239182278513685,-0.23942049197527093,0.4161081122970615,0.174776586456326,-0.23394134036001835,0.23480191468647174,0.07908099340710104,0.34334155886984297,0.11537761329142779,-0.13094217297909994,-0.021858766956848814,0.14507014201668764,0.14657757822408968,-0.18296137848345484,0.14405199681698794,-0.17617007926736267,-0.014043441172295461,-0.07171435001398586,0.05596231993472683,0.05369329805406767,-0.26733781570544285,0.008641828639018544,0.09487928702792334,0.05940845481356543,0.011492359283705397,-0.022141415375918246,-0.08454740680521047,-0.009795658766562071,0.00411947744136978,0.04081309941260554,-0.04097416872164265,0.0438560496126129,0.10677604451222715,-0.052483836803261935,-0.013940489863103752,0.012982201215227501,0.042757408966813897,0.010128095997611275,0.014261975491873816,-0.04745735710826561,-0.011014831212754829,-0.017148246296175753,0.017858084095531367,0.0013239253036545428
HadGEM3-GC31-LL,ssp585,11.877305494927835,2.2690610231714263,3.53412374125054,-1.7567308330020783,-0.605114106014417,-0.778122163238102,1.1514588218961876,0.25791876850001316,0.4265914612765716,0.5572676895504037,2.16142683656556,-1.1580053423482282,-0.49316756787655314,-0.1546545305511653,-0.3201886533902133,-0.08203910607680084,0.23865565571590944,0.940970492493157,1.9979423134121728,0.2353798759299963,-1.2683550182067396,-0.5847100825201905,-0.21118232303059695,-2.025848920822947,-0.0700133836540351,0.2729017899388456,0.26530150063100905,0.008800934313227128,0.5673660680749172,0.01190915231484449,-0.0083072905717982,0.5178834751680279,-0.19969576457005664,0.10113606695575302,0.32095968475587183,-0.7027418095551239,-0.29485648777401013,0.10731898570963741,0.18352753885372514,0.001975476926617372,-0.42745498104624013,0.397090382361126,-0.0874803695100231,0.07535405049419736,-0.10793567730695457,-0.32942484250219095,-0.22825701837408835,-0.27588563348526074,0.03346189220725876,-0.11452460304686594,0.03830641403783101,-0.08010159441983003,0.2115936527696113,-0.038938461365867115,0.4240889786698403,-0.13151001005290625,0.05395542746326999,0.09084634748335584,0.056824932052270426,0.12347779907765945,0.10252711636418939,0.0677319462699314,-0.05120840187156718,0.03963841557898863,0.06625003258892324,-0.027994868993022948,-0.019799640149760604,-0.027601620824566738,-0.05897986506472685,0.06297264536640212,-0.04006616913331718,0.022345620576818482,-0.07319088974610825,0.009801859492605465,-0.009053915753799824,-0.05373652403945103,-0.031234793558149326,0.03390919403195304,-0.0043514228074800635,0.032139507727743905,0.0185242049894809,0.022563157430264904,-0.007066460296773902,-0.007596456185531347
HadGEM3-GC31-MM,ssp585,10.205292321143967,-1.190807894437707,4.848389539135056,-0.04342090533736211,-1.06384201814083,-1.4082342868403748,0.8957629014506984,0.39303575034912497,1.2365572337389104,-1.1129388734600933,1.1405743587699235,-0.605092353593195,-1.2627687673173449,2.4604953610831624,1.1466106270686405,-0.20219734081649607,-1.0231506205384056,0.20518968545124008,-0.11403585348143604,-1.2534405130854116,-0.04848439097476325,1.0590047288097633,-0.3683384778133827,0.6039395929968102,-0.5509864457137549,-1.0613865048508817,2.053187165163165,0.01997929584384273,-0.055209824553191844,-0.23945759368380573,0.19618290419864554,0.24498069925110355,-0.4967063668155217,0.20220726016045393,0.3521470661237258,-0.18816305600735134,0.09499114042036118,0.48395004047460755,0.159981300842108,0.3332856850584851,0.17463456371694758,-0.0943441907572022,-0.09881550877005721,-0.08544141701594558,0.2714512969982567,0.15391125684069146,-0.36699960979532525,-0.02153622166394895,-0.3660373286139765,0.24202268759260087,-0.38979890377602383,0.23977600305463598,-0.07431930674057889,-0.09318520515689507,-0.03397608321318312,-0.023696384135697447,-0.05243966480633701,0.19833040281026237,-0.1300551216279029,-0.2074275470867862,0.11019024311007714,0.0212302638186618,0.12139965884695604,0.009675844033109414,0.023332354333165384,-0.010741045890783325,-0.04766911728371878,0.10759163025830908,-0.04531582891277911,-0.026924218661299477,-0.020654776864043635,-0.004964103644993969,0.001934724664438747,-0.045838357185044615,-0.01968883367684592,0.049645158178392795,0.01049264901140696,-0.004780656204082187,0.005194855446521004,-0.023806834397399237,-0.0002514105580823453,0.008152929068005762,0.010130227676039086,0.002617706858504305
IITM-ESM,ssp126,-10.938351512025402,-0.5331272675369312,0.8658621507722627,-0.3963022624686496,-0.05497225018320308,-0.9490238781836199,-0.8772740802417879,0.8014157755920825,0.4390851086129141,0.29160473466561654,0.04402915396941185,0.6665386892933852,1.7346729137213102,0.5134984441150894,0.15290455393442,-2.2507887593860616,-0.636031472244577,-0.015316568493462843,-0.7042946097869118,0.237028055933855,0.3829375626607216,0.3802856991527426,-0.6438128320163155,-0.387972349835695,0.6754401826638113,0.031739899058503544,0.19570276838754688,0.10223814127859009,0.22969768048048148,0.7519601095901088,-0.3299612863955538,-0.4426818201470372,-0.2507785402940008,0.3182919916764395,-0.8880964175516284,-0.5924215388454313,-0.024432048639544336,0.02376115096243248,0.06007337737749932,-0.46473033059910707,-0.4111625679069582,-0.341187095715512,-0.4932470871950028,0.12597829160577073,0.089012301462988,0.331385801548289,-0.15487152507812563,0.20602643447494498,0.07575098796561537,0.09392321928632297,0.1319176853894014,0.0567528388196636,0.035249932851070545,0.07620209572233716,0.04189928429900301,-0.014802788165789808,-0.29253806895023654,-0.09669372645153226,0.24492487443516375,-0.12055727112963045,-0.06293960951335037,-0.031948786105535525,0.1953792863898164,-0.0857098833916423,0.11707053711129571,0.05767869828963936,-0.08079258052041487,-0.05098936349157959,-0.09152634604705338,0.052168751247458366,-0.07587103351990898,0.08522677350314244,-0.0177000991228027,0.034716536838397635,-0.025666523724562584,0.031903397368009435,-0.011376847577625636,-0.01210328199470358,0.0011599898902095948,0.023763506803721215,-0.025904749260532805,-0.024874212361150675,-0.010101910536825626,-0.004107874685160831
INM-CM4-8,ssp126,-8.090257287636113,-0.2948061235352568,-0.8813017969387001,-1.4990176020835733,0.9286412293501428,0.6095492747650524,1.7079074450764853,0.6938530496647055,1.1716450634231739,0.9218307324434255,0.8809280253338931,-0.3337521950875471,1.2785355323791343,-0.06716963806608194,1.0079421442902483,0.5442204069944898,-0.3661443338099117,-0.17531995329912897,0.9062429135592595,0.1673313121194004,0.8238993964671144,0.030192944591096973,-0.6962013266527071,-0.0911034490858494,0.47240088253350243,-0.1141909759765359,-0.15525743600375733,-0.22809029465280167,0.2668950287479665,-0.2146752187199599,0.38698161820132726,0.5772767806105107,0.1738305778580642,-0.2716918454841261,-0.1262514468133511,-0.24761325604951687,0.07613642361857664,0.6027874677825652,-0.24873989737968202,-0.17156275515482847,0.015876195632745064,-0.2616944276954003,-0.0875220264052645,-0.009496147485372237,0.3658210679409659,0.04747650188588316,-0.05997599179975374,-0.011269563201780793,-0.0767806732995233,0.06371006065551112,0.12906213457049098,0.15026539965119928,-0.03415853725299731,0.1446871406320976,0.06108009142122712,0.14533111648721883,-0.051546511670949986,0.32952264867401637,0.033626759478632674,0.19341327706284223,-0.31596686963638027,0.14608743371398433,-0.04377512966183722,0.08499105182812544,0.0005211177929634153,-0.10148104447958943,0.02726117028599884,0.027583630763247973,0.12407847745639221,0.0454711062228623,0.011955853752143013,-0.10373328925907582,0.07682462774177308,-0.02747019752665057,0.031123851778062445,0.02215438545369695,-0.02329615502910626,-0.03142814168778809,-0.003920282023281437,-0.014936013294691462,-0.014771885623715472,0.01555622162424407,-0.017519141284162168,-0.011179332966784741
INM-CM4-8,ssp245,-5.772182457414153,-0.49149688251732976,0.6456975521511499,-2.9777497692121533,0.38977821984885785,2.1782086000172955,0.9665768046896231,-0.5852487520308195,1.122335924397459,0.3155089321005281,-0.5677758735098714,-1.0030163230383953,-0.3043472053680157,1.0146397920832402,-0.9910725258657875,0.22132806643207575,0.39654463892758585,0.2145486291155804,0.30655832464643634,-0.014141722027639926,0.343314639761867,0.1015214043786697,0.06197753249353734,-0.1816957651112664,-0.4057593102931311,-0.18529070311303372,0.2844181168877152,-0.8184694389273554,-0.6642981263337167,0.18338521603408722,0.826632939524091,-0.06544174535660924,0.30023968412438434,0.10312053203634815,-0.2195180732426989,-0.15585094165396388,-0.4140142693225046,0.2750334533553565,0.02519991103198811,0.1634613785130509,0.05387166197011316,-0.4941455204816963,-0.41328065119930735,-0.1465865003424633,-0.13189221402488135,0.3665069255366804,0.19433447649514657,0.09155531749308976,-0.13188688344606556,-0.42140042188291366,0.12421658038553184,-0.04746893369900357,0.06324628041901133,-0.12804011705973203,-0.018537115452057308,0.30129954290607114,-0.056902991878572985,-0.09886373820265691,0.030270008545577588,-0.15578819865333451,0.031868212135630805,-0.18899135256741167,0.13914789605148561,-0.028145804857418917,0.1278584134124952,0.034292853520356485,0.03031786709074647,-0.018976234412811044,-0.006864570241237466,-0.07924441685195194,0.027957474611585882,-0.04307413995077416,-0.02035142322775896,0.044600953450933664,0.08896604395294112,-0.011794904045778824,-0.017955219889829878,0.06111255065809116,0.009277319003571238,0.0014959624456483585,0.03269609125545257,0.0034753817992368512,0.002810136222779153,-0.021540709607400406
INM-CM4-8,ssp370,-1.869899092677205,-1.6885294199413332,-0.20296554213125445,-1.7420004497345036,0.006722571067520987,1.931899821554505,2.512527721186272,1.1083937894619682,1.159597928117214,0.5561182549203756,0.17042213669763942,-0.4196023386230378,0.7538635080483251,0.9836064034031938,-0.01871251581818457,0.8400423995083833,-0.8276898816046351,-0.2984854868705406,0.6292526823691453,-0.002670003546412816,1.102783944581722,-0.20539049282936822,-0.10252123208887569,-0.6630712091688955,-0.6685586275900585,0.07425044599845476,-0.5360896348127963,0.02541344332653266,-0.17698362213814903,0.35212740789668934,0.9108207341775372,-0.06909157826677562,0.27537762025933754,-0.3844147518198444,-0.5372453441098767,0.43570213225790166,-0.3224718777713842,0.2906109843721578,-0.27305424416693697,0.107767460499541,0.060954847218557505,0.16410573799901398,0.00913147823669192,-0.36559628076561734,-0.028862106363373892,0.16727374142229226,-0.27191358323291387,-0.3626790771043911,0.36933219731845746,0.13017815885520279,-0.30977170980129554,-0.19537035446691978,0.02003388574934216,0.14074985069718096,-0.17236125122967072,-0.050669493683733094,0.07771834036141381,-0.243439271594365,-0.07091837348194606,0.045156026101786574,0.10806005984034484,-0.1257460629928468,-0.035245892779544354,-0.04402488590917003,-0.049317058345750495,-0.008723805447402637,0.024210754678174566,0.08317848987125143,-0.0031119356122905383,0.0129333688490907,-0.06098214386481534,0.10744473661240335,0.04315957582939827,0.040472965724712845,0.005817684816611605,0.0022981204439169933,0.022273365097070463,-0.007966973501309052,-0.02149397472455569,0.005314255887693549,0.0027325897135232584,-0.017871012850140887,0.009934848306530386,-0.0011246365181358537
INM-CM4-8,ssp585,0.48050619739532824,-2.389727698933071,0.029054460956187897,-2.360971722130336,0.3270484804970201,3.389188269019617,4.965562454280465,1.2773015804447716,0.5566528536985575,1.4861324399950486,-0.346699185904632,-0.29349208469917865,0.9153854655488173,0.11915774288694017,0.5126603086321428,2.2319898921666215,-0.6969829803056083,0.7098087924004064,1.1147182130425282,0.3832854496168626,0.5226617184852194,0.4041561416532794,-0.34509838490718553,0.22517326159996742,-0.28712335043143894,0.0070864174500095654,-0.5323968712898554,0.5536553581877515,0.4302083299395214,0.2039587493639317,-0.20331082297362538,0.031635177436487166,0.464725179193749,-0.35704801306867084,-0.24046356872074842,-0.2102068265943578,0.10943715820635623,-0.13723056795116204,0.23071129532333567,-0.1270615154026408,0.09972273261573858,-0.042131530028152904,-0.9124959996562092,-0.38045343827753797,0.14514270363035695,-0.1712630723149383,-0.0798718318197468,0.3151731798371198,-0.10703948277403597,-0.1760592437718817,-0.15986544242976555,0.3072977800336784,-0.14294831080859452,0.12273739767993891,-0.161494237635731,-0.017594618615352796,0.12474281880743687,-0.052082334276491365,0.043824368723124014,-0.11005694304956834,0.06863929011768408,0.06539942466929015,0.012788168117095601,-0.05483412642969192,0.0429299871102353,-0.005110449974249731,-0.05249717887579935,-0.060916320359962965,0.011617902716664573,0.07497430713396505,0.07262547497554947,-0.004105045916747693,-0.008605915338955137,0.005023418709707097,-0.0452614032359229,-0.027207316154350035,0.001431514007674921,-0.02989630471802566,-0.006024915381675385,-0.009951905638436195,-0.0013346509407423524,0.025900104521658005,-0.00028972680696308926,0.01359207278662303
INM-CM5-0,ssp126,-8.349536037343565,-0.004628533474708698,0.9765949911558566,-1.2296424819380674,-0.06377921228087112,0.6755119221111793,0.41685459469755626,-0.09837814036123235,0.4221089483369722,0.4387504825487776,0.3411966194541854,-1.9644050954058538,-0.5412363928263899,-0.2631329580150292,-0.7318524592924084,-0.8303639821500238,-0.19257581810610308,0.7757682775748548,-1.0098267908575203,0.11799655234541022,0.3376532193328646,-0.7012940760674906,-0.4103316128325827,0.9635115521890882,0.3639184487615022,-0.7486298645456637,0.46534478687265196,-0.1304591361538072,-0.16439926383638723,-0.37058006744522776,-0.21868808626785366,-0.2798005778703125,0.6275241244332063,0.11279067478982015,0.4897158820113987,0.3057081743469624,0.1769729157859626,-0.1692873426897931,-0.07464875755903538,-0.2832161812071056,-0.04240110771534056,0.19317403923523538,0.33926129648153275,-0.5039107329523519,0.04668779850921312,0.21838422802551855,0.2651417194315127,-0.20962705758299402,0.06009559683553477,0.03441504606277754,-0.14242539389305536,-0.00632565309609227,-0.010901813652281746,0.2537682831469711,0.4009579210501844,-0.11142491820336642,0.20357393101904686,0.021241239964160177,0.26213628006670114,-0.18412388922067224,-0.10051077576900548,-0.019808039173709994,0.06150747470122574,-0.06183912452037759,-0.06017699106170646,0.0035805800571650013,0.012945203969784252,-0.07933723453575045,-0.1172181982248295,-0.041472720695753244,-0.035748907173309565,-0.06469579379819192,0.0033907200789608477,0.07111357910811049,0.03783418200243699,0.015666839955590754,0.07717571553666096,-0.03783715538046898,0.002653997390739627,0.031028137261114173,0.002603132610308356,0.03870989205913592,0.0024794866560231706,0.005044510758092235
INM-CM5-0,ssp245,-4.683223629300665,-0.31524726093290045,0.9162661397732377,-0.7713940775366236,0.06597887988239508,2.102670973434827,1.0942372791825052,0.6937417308563023,-1.11626793153099,1.1936030837502276,0.7616739445371968,-0.2604624704375874,-0.004456889542040536,0.19564432350134886,-0.570063487734205,-0.44010606719791096,0.19613901467500114,0.5945112147951791,-1.2593986838476476,-0.4293884038401839,-0.8232969006364933,-1.0025047190544962,-0.3150054551566038,-0.17897483061958006,0.6372983876376157,0.6521326531173272,0.4867153796301414,-0.12406936866809941,-0.284913586669948,-0.22772344484005203,0.3914822626546586,0.9278375314728351,-0.07553209469144527,-0.5613293771409463,0.2242597658837337,-0.10828586728893264,0.5837292083904367,-0.31597850740632777,-0.05388275818322727,-0.3706240921984371,-0.016244205910966206,0.03771015467291863,0.18960779304217507,0.19965086105569094,0.08810425572315049,-0.14374062376243218,0.09265374051216896,0.5731792315410296,0.12772549067140637,-0.10334779483015177,-0.177339363079441,0.17897086807866885,-0.045413951168308556,0.10884941417756573,-0.06178017492182366,-0.029839450069003657,-0.12648385508737378,-0.03710611662792914,-0.17717295491797236,-0.01474777055241245,-0.06952415473273131,-0.1502728728354927,0.13129618537972698,0.12399738047567355,-0.02753965361985827,-0.02500293057764698,-0.05900095852121893,0.11401342409047041,0.028602469207363684,-0.0637959899266728,-0.018342020690020267,0.01971236698052492,-0.13038897635082808,-0.018124802088502638,0.04724325983296714,0.017419809511995794,-0.024830085554403827,-0.05943594460527372,-0.0030745888393049216,1.0003211403600021e-05,0.02309060915157837,-0.011795317995191576,0.0007472030051052582,0.00740889154281146
INM-CM5-0,ssp370,-2.292849173649114,-1.8057961404327787,1.608424372668059,-0.5047501275399566,-0.7584524274603184,2.1320259147037857,0.4080916800440308,0.1889653837127493,0.46999239733726433,0.30578488961363026,0.4752255565126793,-2.0353430207427503,-0.8170180787085414,0.35224200071629497,-0.44310584603545883,-0.38519346693192225,-1.4282772280160634,0.5743828040879067,-0.15032090716436677,-0.22335759897785912,-0.3222531493015586,-1.196923489388818,0.30652438165671303,1.6493561265303622,0.43669601687916254,0.031397660279980526,-0.07501850035057549,0.0009944530290944603,-0.20541152503475865,0.2993671683638517,-0.6851936092588524,1.1166278311796947,-0.23361580488256722,-0.5556008421352255,-0.09408959876426257,0.1276562166751085,-0.26663615045749683,-0.14198746072466117,0.19376523616564018,0.5782618076990926,0.03750797591301914,-0.13305525394129628,0.1042251763085191,0.12054619732226084,0.27451144553678025,-0.031037049968989188,-0.06677716395171776,-0.028136428114350482,0.06725093228080689,-0.19068166615770055,0.11027608875305478,-0.18356415818564797,0.3424137914811733,-0.20405274095964737,-0.029682010210579764,-0.18092660345110267,0.07582340121448487,-0.20061790073810623,0.21613184003993016,0.0636505591936674,-0.007810918053377258,0.11324299939104243,0.059390373416777185,0.028427783875031594,-0.06052496246566373,-0.013171712008672272,0.16714545531217037,0.043368771214697906,0.0018046021861562597,-0.0246777695137158,-0.03713738330139785,-0.017117552803806984,0.0028667617757299514,-0.022302456938495665,-0.04221445825168041,-0.03315408481904574,0.012045490509715913,-0.022953935198016105,0.009872739819605958,-0.014277729697001898,-0.023339962275973177,-0.016149595564700303,0.00043648845008012894,-0.015572986092845863
INM-CM5-0,ssp585,0.12018039336240315,-1.4087028379106241,0.9063019187540339,-1.9231502180813997,0.17305201248359564,4.191494958216856,1.8609696097014001,0.7850319122289555,-0.6816707193584872,1.0749053279363447,-0.9150368691205834,-1.5072119231351029,-0.8044743226679627,0.4070432023111025,-1.1373403471484382,-0.18316575385813633,-1.733260192891449,0.7935302981275852,-0.8302577723023377,0.03748597539572048,-0.1692004627715541,-1.8276560471999859,-0.5112947777621514,-0.18458400498431343,0.5722159736251704,-0.11770600312871797,-0.259706150046618,-0.08750303729888025,-0.4270807897094387,0.24521723662077974,-0.20350061464796296,0.26204880722027113,-0.19885230747856864,0.3455648622041337,-0.29681975668749466,0.21382146156014517,0.4826954586786948,0.3472875668484511,-0.22399183316325355,0.15209369545521623,-0.2765101974016881,0.24110870922683827,0.15937366802958422,0.1990101770343835,0.044183117112753495,0.20710938370173612,-0.1746951803959431,0.01614073823174447,0.07172218648329344,0.08022468253382059,0.02979621295027565,-0.18760630821373492,-0.15429927211518318,-0.17092947107115555,-0.1448609923927254,-0.008202497942327237,-0.14222626727082377,0.2804493867641329,-0.10084223308594278,-0.01122459823730033,0.2297827661513236,0.04877906257411706,-0.2493828390665025,0.04909516027961257,-0.05980249045826676,0.03514245305505428,-0.058290447287329177,-0.15821359822636322,0.036870761577951154,0.05164604393992043,-0.0017698309982401388,-0.012554593295056047,0.01859196305597069,-0.013370956585700996,-0.009758675544040184,0.03808489766462738,0.013515537652949225,0.050460014422760546,0.005905094312035194,0.01377165932047341,-0.003723820682257847,-0.00760394832904043,0.0021157669693620228,0.0015729911498961876
KACE-1-0-G,ssp126,-4.157871791880904,6.043028766206855,3.430131655506727,0.34372873169300056,1.9436592299945714,0.6747840485450042,1.2762882817201682,-1.5495534662787689,-1.5712143173750117,-1.2210730643949443,-1.3445073278064148,0.03199144644720732,-1.0490656720487281,0.042166168918020636,0.5976056859723623,1.9618002672141557,-0.4758314178005432,-1.270218048931847,0.13619871584623358,-0.6843050542262468,-0.18643507973337897,0.6229936964922691,0.39457688101631977,0.06540428724257494,0.32608569999387,-0.21356564743701817,0.07515151915193487,-0.012147482585812384,-0.0010207401356653503,1.128905407289712,0.09972455078230263,0.16763189685272212,-0.5107076943672416,0.11654867588845866,0.850164910743359,-0.37478614168938956,-0.49393320190137313,-0.5359351982991515,0.6314221932148779,-0.2882448912017996,-0.31788813244564756,0.12246902042545768,-0.38066712534561364,0.010932239543756859,0.1536137425487498,0.3751519651169039,-0.006062710781831272,0.05793725771550848,0.28711543323320726,0.10956362646716197,0.17698774917234006,0.039536666996590995,-0.08179796862072038,0.13810657895391265,0.020629410491827874,0.10105309066978312,-0.05717058351997858,0.30132105328934206,-0.10025109367963958,0.024330819032485337,-0.09004199566664013,-0.1612585613698563,-0.0802468363061278,-0.0032085066049245266,-0.08503809812904109,0.04471690933189668,0.019629140935721264,-0.008592053280310867,0.04808151798541734,-0.06459451140711477,-0.05696408667636285,0.00488058263863484,0.018585239174412318,0.03710089984664511,-0.00683954364077289,-0.033210069615928366,0.057095266925511014,-0.01753647456666112,0.011636154516987669,0.016964360279007953,0.013666654954651507,-0.019434521609917148,-0.017703522810640325,-0.004741428771383354
KACE-1-0-G,ssp245,-0.2828135566551783,4.545934325974403,2.702725310999778,0.896158127164749,1.6667837063812023,0.40571675319454065,-0.29476248242125347,-1.070519430517255,-1.3919833978907388,-0.15516162197696226,-1.0919810591117338,-1.176049618158926,-1.9914549502470948,0.09366541825307978,0.43069966528391684,1.1392094706983686,0.04119456685345301,-1.9521918223518873,0.5040751065012639,-0.9559307531088855,-0.1455682561546796,-0.5920096986924044,4.521366461465712e-06,0.12768313331694242,-0.025264828316882145,0.2684923538006699,0.24937809466423283,-0.29352142091960964,0.23406999949148632,0.6594459674506989,0.00773524363266472,-0.09907012838847983,-0.5776866705905523,0.030191623231906065,0.32041389270383136,0.5777438548370396,0.30506555325072976,0.405602413804103,-0.9219362628159286,-0.36424823697934455,-0.09488258052768625,-0.33756820795482795,-0.34007070106966863,-0.016253062908969204,0.00710563660077069,0.039548652593728674,0.3533435574117189,-0.018417741735148832,-0.023040155447454837,-0.09404011797909419,0.24107170659506696,-0.06319571381276057,0.1492136781130236,-0.14489516424374668,-0.0036779856153955144,-0.08820112151921551,-0.2653453986826763,-0.13431740179599624,0.10134171094837854,-0.0340904859751885,-0.0862579896069293,0.008652598054019352,-0.09751827768853479,-0.0829665184020888,-0.01056031721138978,-0.04672944481065403,0.003637580951527036,0.08339975996043626,-0.09321074694643766,0.11586032096921153,0.032811838918092494,-0.015977886041399287,0.024979061225028736,-0.008662411651549054,-0.038081108487887094,-0.004334659238693654,-0.027392999261085575,-0.039600431411538434,-0.0343975153619349,-0.00825469300856482,0.011012229821741633,-0.003475652990790017,0.021338042342613682,0.006718620112685369
KACE-1-0-G,ssp370,5.1122215087689895,5.652485419807291,2.798712778105756,-2.1946733452993348,-0.24922298559582526,-0.867251908540129,1.293701759479927,-2.2624809001804453,0.32493835326702186,-0.7603755816896713,-1.3904834234003036,-1.2689621495302266,0.7392950942928567,-0.8910247857251616,1.071555329764507,-0.4964873562624865,-1.7921429185860542,-1.5491972810729417,-0.4371442056638991,0.14528266441269,1.076471796667057,0.4213285285736434,-0.8689807670794601,-0.030478589298130597,-0.14006481571835266,0.7212058683475098,-0.5434232799279364,0.7749100027398924,-0.18390948741062488,-0.40375324921031613,-0.049758909607881444,-0.1500837460335098,-0.17154334909579164,0.4273784057587952,0.4472273576078,0.7517021286252303,-0.019141753083321954,-0.10902908836908397,-0.22713100624756796,0.5561108463429388,0.20522830319660462,-0.006516153650028246,0.21072749824651857,0.21429634520572816,-0.11415326231827126,0.1456219212791306,-0.1632143126307316,0.33426241067328427,-0.023775696012434108,0.39081001461419573,-0.041339673480382484,0.21224784266018892,0.22697737717781938,0.19836314600143928,-0.08650408487617094,0.024758455504916167,0.017758932695854754,-0.09185293139075798,0.11594757417091138,0.02320828775404058,0.10800780718739268,-0.13249501860815552,0.12804983155633518,-0.00890029897421809,0.0013308531658307214,-0.0196497371536032,0.13068647801273597,-0.05002586754164729,0.023730634058310867,0.0036703940761247575,0.038472648425588445,-0.0016914213632313678,-0.0334559168180607,-0.005789297582658436,-0.044962280086997375,-0.017964428896689196,-0.04562758830979079,0.027966665146291782,0.016110604737517426,0.020121314755574552,0.00597922266133195,0.02316999594685673,-0.011477865278860844,-0.00817944962961045
KACE-1-0-G,ssp585,10.53693787245273,5.643350913756944,3.015956579664732,-1.5731168885347349,0.7306302183807467,-1.1233701476967726,2.562471271337026,-0.19060911750349943,1.1818683409171156,0.02509217645478998,-0.9253292475376781,-2.0156141481841776,0.9863092595614665,-0.35249853274319537,0.8185733706006975,-1.3070738243395585,0.5623657816816208,-2.864227971708744,-0.523330292323923,1.0352501844293112,0.8102628983680807,-1.0152185874421593,0.6543509647830755,-1.0102789209349154,0.3857121359367236,0.01034757587981622,-0.05522890744393115,0.29631186512107854,0.6330304727570111,0.735009197575627,-0.6354324216931159,0.4809412479087578,0.177606414602325,0.03040199514698699,-0.3807032372167896,0.3888193093066719,0.21783388348663688,-0.4604242043039438,0.38038217397691304,0.1499167931901046,0.4080859159496224,-0.1286199579542123,0.43712906437062166,-0.2128715444461183,-0.3957586533573176,-0.05863686687911732,-0.021517681264522748,0.04539562006931243,-0.12959022183146926,-0.1752029511702385,-0.052908267063462446,-0.040063791352092225,-0.21530519719507776,-0.07582734695452573,0.1567854524955973,0.09460683118447138,0.06491576634188967,-0.011245186213714366,-0.0751922732482047,-0.04965657097089175,0.025714093998449764,0.09288413150836553,0.06880955746160969,0.0003450395671939433,0.011237011657636232,-0.05628544013563712,-0.09614003583116448,0.007991101605762387,0.044341264361789395,-0.02043907692567065,-0.00044688758651270286,0.027669380873068916,-0.012337144477530261,0.013649697343146082,0.06850041756976462,0.023735705903118513,0.01185281909738169,-0.001728653337183423,0.0003819821900103114,-0.02240737341466789,-0.01806901399656172,-0.0038937012117073676,0.002401368690948604,0.009476136163049705
KIOST-ESM,ssp585,-0.24098650494446103,-3.7798154310447645,1.699062670121533,0.17205553082878725,-1.436961408656085,-2.356147829576324,1.4590547578468873,1.0788426260068684,2.2513138643240063,-3.053087923787882,-1.3839296197824205,1.2003957674447003,-0.9734203254273495,-0.7176351127607297,-0.37716590209180223,-0.7093586553334125,-1.1727277272999648,-0.055106267861139514,-1.0850262990961506,0.04542560368093463,-0.28585849000073427,-1.498349515007337,0.36926811886183925,0.30730255718838045,-0.5254843894952149,1.5508459196243867,0.42185859138684495,1.031311753169826,0.4123780709904556,0.5123602676302773,1.1911344849134236,-0.1273084836843502,-0.0368316335888164,-0.6830866957303227,0.3779723934091719,-0.5070284008973884,0.07614546542898247,-0.050030260489671234,-0.21030549300655144,-0.12367188214349475,0.25231076316524353,0.4251399680425936,-0.36852395229401735,0.09661621299316381,0.08993308142486302,0.1389666711906625,0.4449646332089505,-0.3505863055254511,-0.3023636487283143,0.045821650706458626,0.09162649413369707,-0.03645822972302823,0.25768795305984143,-0.0772626673811771,-0.19604349768290888,0.031418730365027285,0.27773383143532154,0.12541153671541164,0.061708731482352744,0.0005745375742735065,-0.08811772194837815,0.001677173186990105,0.02465434384263086,-0.04688633508268461,0.14932561205655134,-0.017057914247048788,-0.09946780570247242,-0.07614139518342036,-0.020085785560559715,-0.0229895721918379,0.018473548730231274,0.01871182335493735,-0.0011721720790973005,-0.017511713749166772,0.005077809695254161,-0.005824887616529327,-0.0035871399523281547,0.0058427872200968725,-0.02156891916772932,0.0032411450146644554,-0.014133011488276141,0.002756681341779737,-0.0022999218224530747,0.0025380814455584298
MIROC-ES2H,ssp119,-9.331057626394276,-1.5153398226745898,2.9441510593635836,-1.3026842958401836,-0.037608875685936814,-1.3370326080093946,0.6319824928052322,-2.907225714272919,-0.16076019029344024,-1.1657494000850246,0.1859985596797932,0.7974031433299847,-0.5231703759549762,0.15378680660960847,-0.4962786947707963,0.060768530305281974,0.26728278973779834,1.0075163027314107,-0.5286097059638368,1.0326198780802307,1.076903724969789,0.2675417467544712,0.4078521448061166,-0.6407001740068796,0.8131742499236664,0.0267106054001746,0.017186237414180655,0.4815506416325371,0.46436450999040957,-0.05500834665695081,-0.453860394608613,0.4425366113843758,0.42289565792568823,-0.36769107405831697,0.06320434538752485,-0.12475879571198352,-0.9850949951903425,0.41878144342506646,-0.4548573242486723,0.009235282254569252,-0.45177578205401775,-0.1254390748968205,0.07035979004209462,-0.035650554590489304,-0.21047361810483708,0.10872500501027606,0.3668914720053376,-0.23516886260702674,-0.14133944017011058,0.011440603419793355,0.07052325683806303,-0.11562356437802951,-0.14292188356627405,-0.04103935175687955,0.010772413772408968,-0.115212272681723,-0.18555184543707512,-0.017570756662487565,-0.24640185915578572,-0.252066277121549,0.1460436315925098,-0.07594782419524086,-0.05837769817064261,0.04950140912324216,-0.1381906196007775,-0.01660847723572889,0.028913588273253438,0.07181962584784957,-0.04454511371878553,0.005178961319726725,-0.04598873500356929,-0.056437138459607336,0.050923369901997854,-0.032413691571782734,0.0037058708243955787,-0.03443235767216031,-0.026490864292739336,0.007455530518714354,0.013090458494742076,-0.01614050983454525,-0.008437333224722371,0.0038732158892882777,-0.01777545849716258,0.01962099079217303
MIROC-ES2H,ssp126,-6.20453839564392,-2.142018583727797,-0.48272762149455145,0.44627674198720135,0.8751912633478101,-2.5480016235193186,0.5969107952918751,-2.852841918001581,-0.4428322692039664,0.1005435034038632,0.2865484015695619,0.648317408481413,0.8680272308787381,0.9782140855449667,-0.23415952922638403,0.8514563832391747,0.2446066212213672,-0.00640241279812006,-0.2208150831585912,-0.4273206180704773,0.003069651275595514,-0.3619364047278157,0.13945819387032343,0.09280384769000562,-0.10919096518922204,-0.182299230055828,0.15313638921667547,0.33676202410706746,0.3838964481755075,0.7187516790279612,0.06586529585481628,0.17471400389960964,0.19440718109097307,-0.3213647024427665,-0.45432483320514444,-0.29431165648964364,0.21403074388970256,0.04856498161647334,0.16259366741864348,0.08108874073006073,-0.15420963742033206,-0.07861895996068818,0.6282249611056302,0.05191824924867614,0.13295195930933357,0.08377491909711574,0.008476569814039738,0.10395196964199,0.006113585149830871,-0.16107791421649809,0.009449433753263877,-0.18045687229795473,0.04237947867504155,0.11504098380010666,0.16942860524395495,0.06696072125073842,-0.01306083944524077,-0.07310954866869636,-0.0399960435192178,-0.14878704303785184,0.16420308986986196,0.1410713789869381,-0.12269092229965421,0.03159702577382559,0.3036545837324684,0.10950366865141761,0.18264300576330503,0.06770013401834095,0.06292416709221256,0.005168610550035452,0.03725130962538714,0.09868421101401538,0.06325558849337365,-0.04779712075001045,-0.03310785238428723,0.0248421736326032,0.05680419579335912,-0.012340618227251656,0.0016104514349939906,0.019359517615229766,0.004746698603160238,0.008928240154811749,-0.0011160375747348828,0.0024419302239479454
MIROC-ES2H,ssp245,-2.5965277861394767,-4.053818809680108,0.8220023989180973,0.42284192027936934,0.17258207561950545,-0.8893237632119396,-0.15115696064302858,-5.467395956483026,-0.05371037917721389,-0.853040566318559,0.06875973443407636,-0.2836021337967351,1.0164900126947645,0.5298216971817536,0.7805839556353192,1.2888030085095838,0.6780137911116826,0.8224389851299498,-0.13232861901930218,0.9223824896094464,-0.23654703677405162,-0.5999719434908671,0.18743040469615363,0.10703987925438678,-0.16168784773132977,0.13963461309315398,0.618037093766549,0.4183209029579504,0.3894186937389267,-0.11147140556121382,-0.0100642787152875,-0.13918792885959,-0.25379984240830855,-0.12146328082100274,0.12647083136071283,-0.27890341948545894,-0.2772625977500722,0.3212761576977314,0.22499440118474184,0.23245476863951328,-0.6328387648705723,0.1776070221538939,0.23373197982866714,0.008993947873011974,-0.0022642267091954487,0.09969514526807324,-0.3075358486758566,0.12059209162734805,-0.49545948866126804,0.05167893089152574,-0.241357996940403,0.009313508305605777,0.004876292129153287,0.08058459036232245,-0.003843256764117494,0.03429075789830396,-0.14338476772531675,-0.20601113190195036,0.19132595606348762,0.13933949203694573,-0.0992486318910694,0.03559374913214008,-0.01958050057217016,-0.017324201579147765,-0.10597638395878135,-0.0752902223531804,0.003442902939135716,-0.03386225342952249,0.10325103681916177,0.023813258781607203,0.037636238112635494,-0.07041337165188832,-0.04397959210992481,0.10955893065785177,0.017228607969070477,0.028315302300815973,-0.007773397569641924,0.006740190845426526,-0.008968105316422727,-0.0020837988208541845,-0.008352771670962142,-0.027890659918990004,0.009702163781456717,-0.005018527978800602
MIROC-ES2H,ssp370,0.9125540988991943,-3.261667693448018,-2.387968500986635,2.2979829501974725,0.38563120632825504,-0.6509441154811685,1.3514356168276875,-5.419882301790769,-1.230621174889284,0.3073091422500437,0.08579660451934852,1.1968854175592982,1.5100821227914591,0.34708686832553903,0.02745799800973332,0.527439529134404,0.21262929729819052,0.351059902895139,-0.32091097587794165,0.34449738377528266,-0.5305544210603259,-0.0896155292477686,-0.05024079756513452,-0.7233250672441954,0.13806379186652104,0.33205140380813525,-0.2889946938585087,-0.1119355615063181,-0.13005654092194324,-0.28922695414974464,-0.2415662567341824,0.23246411279329174,0.03941624995616699,-0.2599057553348724,0.24512139345778378,0.042431975954830996,0.539554187462953,-0.01059739721801019,-0.5691642832051014,-0.2663123327816784,0.6320415343863236,0.21386833459833146,-0.021684657802892353,-0.5619695807393816,-0.14297779792288257,0.2779480422421836,-0.16539976617740565,0.12064922374260262,-0.4349884445727811,0.08674275687991415,0.2011034739126556,-0.02751318405065893,-0.02317061687639491,0.09183305569149647,0.055184053015376204,-0.15979758595846305,0.11627899732175043,0.13419773196106605,-0.0011670826272289206,0.12206287466185259,0.010998664740378703,-0.19631802666807685,0.01149495296936308,0.009130806805247808,-0.125848712589598,0.025625878577592603,-0.016624576092400825,-0.02611937299677582,-0.09511332845080793,-0.02164438573970413,0.029656644659449477,0.08160008226043397,0.03495032662968589,-0.0561233611763776,0.0037854431202635416,-0.043987078046986997,0.029493427878727888,-0.024467864937231246,0.015348733085719986,-0.011907370781970397,-0.0007927374325385806,0.00960254459330362,0.007070295867792983,-0.016660829752951873
MIROC-ES2H,ssp585,6.190613914469469,-3.564081462876318,-2.7852161921106675,3.355812433769769,0.2296993874366594,-0.04667221651312601,1.1973043977741444,-5.878154996350309,-0.8696557865520659,1.5808645365999892,-1.4249644947289348,0.20037344679695776,-0.5181062251266528,2.1787569695620506,0.3670402537144513,-0.3429160752913735,-0.28091089130162467,0.5017012256755569,-0.052431683926793184,0.1342300083687205,-0.6414609496404718,-0.7079675875582235,-1.3080664497501024,0.8111134625862687,-0.5028842472954653,-0.0033668830238121365,0.2235551326228635,-0.13653191405609752,0.3019887615697825,0.4637691708215509,0.18119694914187048,-0.6460865396815055,-0.5769209829457238,0.13470560648852073,-0.4247305519457565,0.18403592177934874,-0.14158779792565895,-0.8006337674429191,0.04177805583027138,0.23805890479511008,-0.1548721444778298,-0.2833533565143448,0.07484349681217468,0.1514145200957772,0.19229147411806075,-0.29342551200887673,-0.01298711609135785,-0.03813445141786893,0.41961195304701177,-0.08020726689537601,0.03296814927843619,-0.06745212401336034,-0.1136915551386044,-0.096152099490146,-0.02663014743129964,0.07212783249257507,0.15416319174518822,0.15334248040641382,-0.015684965579802753,-0.0037473194197522723,-0.00985691119151323,0.007396736150031446,0.12279086247512341,0.08287047725414488,0.01906369627370152,-0.05880897379712588,-0.10279716647550156,0.029678338840390648,-0.025564232183869613,0.08107288606037823,0.03162559214251205,0.013228798550984699,-0.004938873695469181,0.028170269711164868,0.0330920398736169,-0.009719536973406813,-0.018427541448149825,0.02437739462148044,0.003930832814352187,-0.0036794486442847285,0.006505973715665592,0.008205182775164964,-0.0051728312263523086,0.002578493097048314
MIROC-ES2L,ssp119,-7.0567891645359975,2.707933115635029,1.0793378216322502,3.3986173828421995,0.4780795216385268,-0.6918495603223381,2.1201179209958596,-0.7924371865178753,-1.4642090401389887,2.421661832922174,-1.2312306627320377,-1.242386568346358,-1.0972664653136834,-0.5193076303941244,-0.9325338680254903,-0.7708347263033655,-1.273969872652866,0.7637229196250553,0.4548706909951521,1.6299815428196072,0.5720190975598766,1.4282037295205996,0.8985886921995214,0.743843050039915,-0.578234421209145,-0.921460612460652,0.30603092365146495,0.7415891308807995,-0.22306105700983667,-0.046822122803203255,-0.29033513023792995,-0.11402466052624985,-0.22315943094277774,0.43428432074326867,-0.21642696026042535,-0.05357784192362528,0.10980343915457097,-0.10675011888798391,0.05887652549714467,-0.7923433402169858,-0.09722365785469365,0.04250023314376092,0.08442061074867034,0.09335776031511586,0.06860803337376396,-0.5375446335406008,0.39736043770159424,-0.2880430000723442,-0.22929564152660514,-0.010782788279146938,0.13803358431554102,0.29235460060747265,0.06677408983672664,-0.03199368192694514,-0.037948451052379255,-0.21836732162967668,0.14003965753821504,-0.049138466116021816,0.061150920498681045,0.021637653428813547,0.08345984778581916,-0.0005838432182960267,0.0023204861244305324,0.08632062541553225,0.10770776730092763,0.018613698278116705,0.07098521987793205,0.005545362877803906,0.10248539352673985,-0.020194665267610046,0.013576149665380786,0.022942491606622664,0.01277801987031752,-0.01453513175955245,0.0211371026538369,0.015238068891883236,-0.032159042893710604,0.0025176947252483184,-0.02529377045234843,-0.008700485117011793,0.014565115093973936,-0.0025817292493288675,-0.008061550394279558,-0.004165938531361788
MIROC-ES2L,ssp126,-3.5158594431619865,5.332431968162395,-0.011806534585297537,6.588098622693687,-0.273249578607151,1.0602232268113445,0.542878320242925,-0.22834180035089896,-1.2977265838852756,0.6744063776120627,0.6152861445464233,-0.21772280438100014,2.399325103993795,0.05056704726698629,-0.7955696716519031,-0.2669882389367727,-0.46271592837132375,0.8913153658372063,-0.3183290127929118,-0.10114869896678995,0.6982775145953025,0.6036466821767718,0.5743338737748956,-0.047225474481474135,-0.5168745235084482,0.5694429454061851,0.4037497827019735,-0.4166107143304961,-0.10697227552128782,0.31880396425400603,0.44737994088118016,0.06627794841688073,0.3519760114173372,0.11161513290920898,-0.1770754415551429,0.5286048720973328,0.07778515457950891,0.32110502348686093,0.012319867409892186,0.1805785594412924,-0.20913230004786001,0.06633547185631061,0.11565191294479789,0.6138608105777831,0.08885371537735841,0.06653928745298043,-0.09065635114118774,-0.08820313731434476,-0.1440564648549383,-0.12968401129958482,0.3129930516437915,-0.05838255392318914,0.08546489234736888,0.00594200678568946,-0.023718022071651,0.02814557404005803,0.24443961123018318,-0.06371410511935698,-0.11247000717226686,-0.03224509346940024,0.026671625051100843,-0.045330601705259474,-0.02176578306426463,-0.0688159978916434,-0.055388739226302004,0.04917935317220139,-0.1326766900168186,0.046547147250176044,-0.06993799792980612,0.09935494440902802,0.018449795651168263,-0.09435533641791602,-0.08917467510125772,0.008340617476484256,-0.03423366878784083,0.014414764975858954,0.03582203453972084,0.0014025779551354628,-0.015203439494097106,-0.005128909381752865,-0.010127311024180706,0.006338680269488916,0.0007921908243073282,0.005576242444576416
MIROC-ES2L,ssp245,0.7055295327342972,5.480254890738989,-1.9393063153851602,5.7048658193136275,-0.5889793877766178,3.987179305991839,-0.14206865914710315,-0.5631853064917366,-0.26925623114528974,-1.511637084310426,0.5720801291355745,-0.8199057739729947,-0.9357017318686704,1.4189567036305117,0.6239940807555471,-0.18371763576165667,-0.6791830501603138,-0.033159333826376855,-1.3925892281940113,0.9027023156769853,0.29470855916753824,0.673897431698872,-0.12813341532812872,-1.1540424371370117,0.5935024724062283,0.8349364761148104,0.18993935724952304,-0.6155959475895069,-0.14786718215831446,-0.10547717531967649,0.3733706882002222,-0.08389991638800302,0.04590784168077253,-0.01735746683718207,0.6034469248472898,-0.5686113846896913,0.06670727470563807,0.7125042120693533,-0.2666782390300027,-0.2579555245710187,-0.10321883703531232,-0.16826691943535896,0.051627719770172054,0.025687834180294234,-0.05582412329245104,-0.08171642726651342,0.05585536349903396,0.092403546134973,0.13304288686886065,0.03832241061653775,-0.355483885608506,-0.2600002097315348,-0.10543541067266668,0.18942393580719077,0.04816571294667181,0.03937980666277479,0.29152040265358287,-0.0804541190858956,-0.12273868238213274,0.20599837586512454,-0.12241049198132511,0.17868637441902427,0.025079041787028786,-0.07363569180981125,0.08895557144713576,0.004127313977065213,0.09944906280687185,-0.05019793957912768,0.027710244056538665,-0.029139628818182058,0.017547683278317266,0.042466289550265185,0.018534747125944707,0.010165986784450796,-0.006885263364475794,0.05362639120259126,-0.024543193771198745,0.005795310453865306,0.015509544594699266,0.0075552213644352805,-0.004871596733782872,-0.006452052380553239,0.0006944754098871076,0.006351250021503658
MIROC-ES2L,ssp370,2.6500542915441523,2.7623200560499908,-0.5997516487994665,8.064555084565615,-2.4504714057744605,2.4353019963719493,0.21413869847491762,0.31159613754131305,0.7269588575081237,0.005126115896950484,0.24770968499595353,-1.7038636916454395,0.33821141068223337,-0.7437067897940822,-1.403116029544222,-0.9114138584790313,-0.9126781483108123,0.9675838326436648,0.2860784534985173,-0.40185001192916897,-1.2291257195216114,0.8860211673654779,1.697561422555316,-0.2986936822150785,0.25291821584529933,0.24037652551629862,0.23063607977620043,0.10089188224018776,0.33641750863741476,0.018414207913795607,-0.1883820340865941,-0.2631523262321406,0.18561540969667906,-0.3830865118778202,-0.26052026674944834,0.18456617746835824,-0.3840070497003755,-0.1228372238970218,0.07597880561027001,0.21396287452568732,0.30091888150669666,-0.061355657152360146,-0.14889976249087133,-0.3234984417624395,-0.012771129049873644,0.435560930341274,-0.29493695506762263,0.08576439915987105,0.08766490241536774,-0.09233153101842655,0.0277696158785903,0.23126333430240148,0.04348699347069007,-0.13347774666503764,0.07338930340567446,0.019272066886712416,-0.1272917253660705,0.09911176099943153,0.039608729691588046,-0.07077658169601647,-0.03734674710516612,0.08227847997389097,0.01534440362897273,-0.02338729666438592,-0.057133716379658576,0.058787970508885005,0.02435706787186412,-0.0011716178984507897,0.026751041434136747,-0.10016189164037752,0.039569945710785696,0.02821393817587149,0.06702734812787572,0.04034368069383747,-0.019906916636684566,-0.04346573649191671,-0.021288459694940445,0.009594496790576173,0.010988797575952816,0.0023444972704138047,-0.002697811474908966,0.0017259024600485141,0.0038050243665960055,0.003816435988472603
MIROC6,ssp126,-6.061554501510214,0.09438394104902235,-1.225389037423975,0.5672630589230713,1.1695234852955836,-0.4417897641207919,0.19165585353367623,-0.9154965948704558,1.7675285547568982,0.5660143655166339,-1.0355331997655077,0.44943609644309257,-0.04148738403864019,0.336816745659083,-1.4324864366777277,-0.1583990768955417,1.0920636752981483,-0.26653537355708606,1.693954481973349,-0.07730543368420813,0.636378797895172,0.3685298351201412,-1.1008223898845342,0.2053426463314172,-0.3589481541599136,0.11678624612856327,-0.421010619398946,-0.26079586218235173,0.3772205446788496,-0.07747204384827759,-0.32099682808979596,0.2602210255181486,-0.195562403922785,-0.557872973580331,0.5736310511719169,-0.07385933941275011,6.210756734433017e-05,0.4081083208142513,-0.15994518914825462,-0.031895567008818876,0.31337906888679695,-0.2655649072676832,0.4121129997814709,0.26383540881890255,-0.13627883584790346,-0.11366327154265807,0.1395086599159773,-0.014158206401018662,-0.049076813784898504,-0.3068730272953341,0.17823853463745257,0.03325434282280165,0.03281159788264883,-0.11884329820623109,-0.340863968403022,0.03161192148874821,0.019475974530589673,0.2061796080401415,0.0340290562407884,-0.11209196156634056,-0.0917335181702383,0.04057031980897176,-0.003053987035317942,0.06667419411408676,-0.11430974186986165,0.04164848786949764,0.04481004639345115,-0.06739354442420398,0.04464149812916614,-0.09550561088349872,-0.13667676583332025,0.08209442957182729,-0.08287833976091867,0.030930675578377146,-0.04101302594529421,0.03477248374857317,-0.012740958833512237,0.02345047907093059,0.008571168722889183,0.03168354668575039,-0.0006877124371743921,0.00952265596570298,0.023132319902270423,0.010559308123891518
MIROC6,ssp370,2.3125827445564227,-1.7274185650308855,-2.604558036983847,2.224774474744983,0.557501207925196,0.8003687626804039,-0.9686322456762457,-0.9688747020769235,2.1513304188859794,1.3258389124878431,-0.9101795368852524,-0.5969852566172316,-0.12847284295254296,0.7638427433937567,-1.6399502566587632,-2.138312074490637,0.7257343696559608,-1.5475940627960036,0.35962528045350217,0.7155224815930733,0.20758142752088918,0.20349089942040444,-0.3821393847738092,0.4949437147355208,0.11966822090234927,-0.6716396486458218,-1.067529030208914,-0.1402238100946538,-0.3845008418897831,0.23696138661099594,0.12756975136586973,-0.19196768747755646,0.20546605740466667,-0.5342612204893361,0.32008664376411033,-0.09624371040347424,0.22514388243879976,0.7081251886889017,0.4847127950991961,0.4262624213152019,-0.1839267983920385,0.38838857059217935,-0.279021832603183,-0.08356629248511616,0.09539098524376707,0.16983778610011394,0.21877965712000302,0.07466843358137633,-0.15388719123958783,0.20831596066496072,-0.0038984294232393187,0.18852698222968883,0.2581933051783901,-0.06026741799171654,0.1185586113367341,0.14354596896656643,-0.044671278632724805,-0.144568097930429,-0.1454359174308798,0.030344382020401357,-0.05677937894796883,0.1077058281872862,-0.021442987700364513,0.10664557902487225,-0.09301547101844092,-0.10524132692685635,-0.03990005811474495,0.06677980872157294,-0.11055662025048144,0.027590624822190088,0.0050355685177125575,0.040259413861314146,-0.04829018605316272,-0.07271155783360701,-0.014560561500440843,0.006266733319771418,0.017148541680024325,0.006840445311093316,0.009882875204380921,-0.015002135501907913,0.020050609417712778,-0.008376412571184697,-0.0349151089385882,-0.002357855234045616
MIROC6,ssp585,5.002393196583127,-3.1148728303240256,-1.9043832643086458,1.1174461664500916,0.42947616809530764,0.6716762605709166,0.5909360293177117,-2.1982928164379167,2.6260291528922672,1.6595761885463698,-1.7094416048762653,-0.07661612313103676,-1.2470327248340805,-0.3296321634281199,-2.2846746590401517,-0.9542635101513901,0.19428319850757972,-2.042614547626561,0.6603910752079037,0.7801615120556841,-0.6054067706190545,0.35574141916957136,0.37740407417372246,-0.15667089417991648,-0.17995214617389763,-0.4197090008213598,-0.19469852611406216,-1.241917539526397,0.3752255535252424,-0.6267466551797294,0.08346238539004236,-0.2487612420430811,-0.17605862031849334,-0.3166627726728483,-0.05572165913012193,-0.4083592466701483,-0.07067407610312701,-0.25271353242098904,-0.012881043457738352,0.029028610900104848,0.12308146641096485,0.552647452890431,-0.07075762365222599,0.2185867529795576,0.05865109093809019,0.12499677408782922,-0.10070363292167532,0.025390080517044465,0.19447121094533018,0.4365520350286896,-0.12960175877775543,-0.052711158363041785,-0.1191947173335328,0.12852684456522145,0.029013551742023747,-0.06428179685706252,-0.18063601686694375,0.05655799712996446,0.04299720349535313,0.008614510333084809,0.05281068179384396,-0.04525758774898233,0.029660770792310255,-0.14396635417074174,0.16601379435279184,0.03890948348993089,-0.013438428730346572,0.010754172956895689,0.08028376254776837,0.02225894721314177,-0.07874678507003154,-0.1157865771162563,0.0323749103894779,-0.005304975575692276,-0.001954176721090251,-0.02755516236740837,-0.0004189797492327591,-0.02580934132414271,-0.015733186297008275,0.0008045104032406653,-0.015012429892953148,0.004012513656579712,0.023604268079559884,0.008097896997687214
MPI-ESM1-2-HR,ssp126,-7.986316546110229,2.316144112534686,-0.6639925039059154,0.8223685173112156,-2.708816267559387,-1.2291605061779731,0.2365394491535958,0.41923047469548824,-3.5959784659945067,0.6987148810878793,0.1664222378830489,1.0250972706834947,0.01988037284525095,1.034398675412234,0.7680763712068398,-1.8553956389340924,0.5491537530612897,-0.0014136729051247281,-0.20043787546797542,-1.312152082475709,1.0625995994966713,-0.9076217851791879,-0.19296402882002378,-0.9357083295829062,-0.0048337402573557986,0.3148229132086589,0.5962982843286897,-0.23177142829146125,0.19688882091062007,-0.7503662386467328,-0.49152890516947667,0.1755851344137121,0.1830961359052097,-0.6034136332359198,-0.18435160467881098,0.030079859849499017,0.2070197961078825,-0.11872307864930304,0.4257546060748738,0.5782000880709142,0.2390403761869417,0.2545354699678257,-0.22036326348872595,-0.12259494095485415,0.08711315037942961,0.11453577086952232,0.047881140961029967,-0.421161894005023,0.24465154239327705,-0.03581317538724481,0.05691234942681487,0.2329666282788034,0.05949095686204447,0.1545271197493004,-0.16446823041989836,0.0930785977921291,-0.04481535320424857,0.126734399305302,0.21005067265660546,0.10158172470621002,0.08750578564075037,-0.04237475474657264,-0.01784783443118846,0.028030880050320523,0.13117113236162076,-0.06799448810842006,0.05047269220808215,0.047287558590279534,0.0021585028046472617,-0.0050166870213907465,-0.03441580005609718,-0.032067009351399486,0.04141812133180979,0.04917338073427704,-0.0339174943358832,-0.019339617321156966,-0.017939251497405554,0.01681582248427253,0.028605662797410593,-0.02286608871072805,-0.0035377539291544745,-0.012346983943715384,-0.0005273628626181921,0.008093216298064282
MPI-ESM1-2-HR,ssp245,-4.90262707489159,0.19933748342899382,-0.3340655767395558,0.5349828578382345,-3.327137275688258,-0.57571916658985,0.9401697410868285,0.3255959408099067,-3.12035230142735,0.7006413610726998,-0.4858498000893394,0.25988143430709587,0.21555328845327842,0.2076808891946103,1.8091449894078728,-1.6688028699959179,-0.16509402259478417,-0.6830251470579597,0.7466750596039827,0.2945067049269247,0.8629155171736448,-0.9109776413100612,0.3818880583316364,-0.9466480770884689,-0.8114638730701297,-0.4263348484702626,-0.49817780480829155,0.03132407109904805,-0.6241177861951268,-0.29157549931295473,0.12988262250806815,-0.4443430261795703,-0.2680537993149638,0.2549408503509625,0.3490975311585708,-0.28283880424285524,0.2802013095552764,0.09538281542280448,-0.09532078961125201,-0.15716102396762582,-0.44803314600887106,0.12152796819312245,0.0381448381863568,-0.7694185117126084,0.4089641623456414,-0.09337127374872617,0.013692274139742751,-0.22709210199438792,-0.06308885162277185,-0.22982040835644277,-0.17970206877122794,0.1979259253015352,-0.051905847495036725,-0.12027532607728789,0.006583743689880538,0.04408077687267021,-0.04478127890741205,-0.10391292809854331,0.003688537969684752,0.0762632680028916,0.0009612438293169476,-0.02527204845047754,-0.020927799587611418,0.007606901279454318,-0.10537253182780691,0.06542557688877025,-0.03490061029298913,0.013694278643442066,-0.02523815675855247,-0.00853110760599213,-0.08090690656555702,-0.04321075328096254,-0.009812180811553852,-0.05165699214193416,0.0066563078008546805,-0.011956250481617874,0.006773202375747265,0.010287619926793863,-0.026676315457146736,0.01270828833011556,0.001197892050079164,-0.011473883425851178,0.014727188244376868,-0.0038210292545819854
MPI-ESM1-2-HR,ssp370,-0.9698519830909532,-0.05385059064134827,-1.6529710017300416,-1.2319310347513086,-4.518812240337772,0.4143480130681874,0.27722699620170016,-0.6177550013564985,-1.9603234898252035,-0.4092866678759611,-0.054652500953451595,0.2657071789171511,-1.4214840533440458,-0.5890236569149285,1.074127628488622,0.7404465278183748,0.7841404266546839,-0.8722350934484647,0.40553326825453767,0.6613956622956924,0.033913289462914865,-0.3881849453631741,0.9210161710457252,0.6534716557568296,-0.07584047745214684,0.1119961173991495,-1.1685581045286522,-0.5175761239372496,-0.34126877684450607,-1.0224412130169072,0.905154856513512,0.6568788786450195,-0.3387340206164434,0.08189191126168334,0.09682183895718349,0.043082186810655856,0.21256120127773093,0.3227941128976946,0.449925136753292,-0.012822406123078235,-0.23289174677719085,-0.37866700382801055,-0.03342301907243782,0.7233644270243679,0.2623897551588366,0.1872293038173313,-0.3355500225455957,-0.06766452347349164,-0.08867317535535914,-0.06855410457529715,0.2530782720631551,0.04288547187955665,-0.3998555761571176,-0.002590853779976648,0.08755757950720225,-0.17631087024774458,0.032259030545530545,0.07435410979227751,0.10517625954445309,-0.07244399870633193,0.16257299332940386,0.023604129650750656,0.15518968182551218,-0.04405769004239561,0.0873888063179291,-0.02364506437032044,0.009589409329168672,-0.07149862564278592,-0.08739132679659148,-0.050496183623539886,0.061011330918282154,0.06701748596930503,0.02679385350670354,-0.015807417053964358,0.02632804430608687,-0.005504073426192278,0.02091805341317816,0.006839499281453828,-0.00777698699159365,-0.0072363132623749875,0.007094776867413659,-0.000535954590436968,-0.010765438296038146,0.011559359945408337
MPI-ESM1-2-HR,ssp585,1.5095610158618191,0.6751735489720304,0.6616362101722331,-1.3301886095652409,-5.931923731658579,0.30937250475963207,-0.2631314574807592,-0.6056676932389964,-2.3427706341096823,-0.22290135148524434,-0.44634449070328386,0.9527800671086106,-0.9905766314095836,-0.2619349953234354,-0.28043226052883286,-0.6482277347965886,1.0949329886464896,-0.7847812210249274,-0.2163603182798192,-0.5660483017315668,0.6659554517067705,0.838987980102276,0.32916527608071905,0.5415515017416614,-0.019387905312631896,-0.23432298433580517,0.15234377754162798,0.6940341192551677,0.1696072086649739,-0.621837341080807,-0.6493554159065986,0.38457065060300405,0.8685511143560128,-0.32970009836562025,0.028500388112776574,-0.47520378034160654,0.20611793880654675,0.05645613307236529,0.03496068608557782,-0.20875097193060108,0.1413051264385471,0.011835083052131488,0.0738300327868671,0.2911682659798849,-0.04407987237054392,0.2664293879595749,-0.2931312860576363,0.36771183305100613,0.048262149268210354,-0.09638665776428615,-0.027256803066079634,-0.32912457576477666,0.30724860427865575,-0.16011571502332442,0.010901819048508574,0.14093950878738792,0.06269972380797796,0.039402452101433616,-0.10299285190458345,-0.13432081195398643,-0.1317785828388806,-0.046925061424214085,0.08907354560269339,-0.009638055122332411,-0.04433107952409472,0.0827964819246519,-0.006250544180600425,-0.06221392749343498,0.10571281495509033,0.17704796042388518,-0.00559577630398428,0.003899534485336539,-0.013393904925268398,0.013417780480289835,0.019020404056538674,-0.012926783252106012,-0.013532686797973245,-0.012123301358834328,-0.0332957093412991,0.012875044151623773,0.003031620535960331,0.012104552622598448,0.008563921033565744,-0.008281813076733526
MPI-ESM1-2-LR,ssp119,-10.397521593138658,2.5536531796991673,-1.7056940905479685,-2.527538021790978,-1.2123621776244324,0.12791767171975418,0.5916860764596574,0.4731005285581162,0.21430868171053857,-1.417139460635746,2.3612262584805794,-0.5370580396593684,0.26724926772961377,-0.8680957045536811,0.14597241607273,-0.29201526986537524,0.917822550491972,0.06814801953216446,-1.7560456577327597,1.5541368152743347,-0.8122943502782402,0.1476194542461261,-0.7744117816779933,-0.1913774527385612,0.7473284265775006,-0.4034255274214861,-0.13491636028030474,-0.22496022346366407,0.18753116085056998,0.4682297455696767,-0.07666147736942124,-0.7079560244428148,-0.32089191978596554,0.08313551818459676,-0.020018106591897473,0.1327525809938889,-0.027369595230787334,0.15154292374133366,-0.058389037820521635,0.5534830007965793,-0.4642720775303798,0.03258638566341346,0.04023650061262194,-0.24289132337723207,-0.26652199752110173,-0.04122572147713859,0.09814623717122116,0.0964158923426523,-0.021683956061929924,0.032292553848371194,0.34887036208585404,0.1252053186450533,-0.20230390293848402,-0.2198097482521009,-0.18832044032233308,0.1310790747182104,0.22706952358996613,0.19026088336288227,0.1347044386450221,-0.06032019327597935,0.0015952884755325973,0.09093932799811467,0.011679527603213653,-0.04720646133288042,0.07413007077249646,0.03860172603929436,-0.07359651506138785,0.0963621666811524,0.07270763522285255,-0.028070260220269413,0.010160421523217965,-0.024654172762300853,-0.04161817819561441,-0.01273184578020704,-0.0300699985525078,-0.06206551947716039,-0.004443144083558975,-0.004668164383373066,-0.004898668910904645,-0.027150513524001694,0.018567177872348885,0.01325614086073511,0.020359340200177153,-3.1276392447926e-05
MPI-ESM1-2-LR,ssp126,-8.956898420042727,0.8535392200097625,-2.789256821186383,-2.34519214449419,-0.5169608306010968,-0.7607900690788554,1.2716336494814844,1.7673229614067025,-0.9190714883079651,0.23230013263057742,0.34065393859807314,0.28139337898070466,-0.9457970622301174,-0.28413553604126596,0.03481248602984885,-0.925688912158523,0.06545775093573998,0.333407038110677,0.15433864801369288,0.797596526325213,-1.1938040909407255,1.0619534480571475,-0.5171606451326407,-0.017604802078629012,-0.49535392877199264,0.6084237257252796,0.14979479124860837,-0.37345468871721255,0.47022507387175416,0.28030791067268745,0.0849294210158366,0.02948339948338981,-0.18822919727328075,-0.2147152808110904,0.6180923616494925,0.41847127629481257,-0.31206421542752033,-0.3217942601689937,0.13644901242159543,-0.015238526032168175,0.055447747948012556,0.18105970116757825,-0.06902730712025548,0.26382484367069825,-0.3568013345894036,-0.0845711247886641,-0.1393131812289695,-0.5860801197218142,0.12402498758618774,-0.2908067603810307,0.02262053002038244,-0.0324782471550126,0.01872949356342701,0.25992271298308933,-0.09448165065632882,0.14685514520067866,-0.03229319698096764,-0.10087495705136766,-0.17684881984678077,-0.04207593397522224,0.008676884535716209,-0.04754156010165984,0.1701955931674968,-0.07542735930913759,-0.08027261135162753,-0.1872305050082382,0.10712851832695817,0.08503466828517293,0.0466933845073746,0.09770576095719405,0.03103097536409456,0.009686729852609101,0.03674971678585446,-0.031771942280546306,0.015006480413570536,0.0325827605733939,0.05064842758645181,0.007464419058280274,0.02178403385813341,-0.003156323881938831,-0.008946359704244539,0.006674260245571468,0.0051419503257808035,-0.010078303706790182
MPI-ESM1-2-LR,ssp245,-5.407069577738148,0.005693330068545119,-1.4910068892994246,-3.1089099762186283,-3.0694295721665257,0.5255484034844823,0.4096915986044695,-1.2217671555813678,0.629514261001245,-0.671242517082674,1.2534938913397782,0.4210518267871384,-0.7931326022393681,-1.2706500944875467,-0.458560818920516,-0.08573356430626408,0.042600769748211746,-0.18575298880830746,-0.8954930065180747,-0.06555444388796763,-0.2151170892460505,1.0231094106955674,-0.8539094935073327,-0.10718969621980547,0.47424507199265065,-0.8140315445091579,0.12909366881463682,0.22731028776218912,0.06058058666929842,0.6106528060780531,0.6292519401455665,-0.08767983604593302,-0.7708747096995944,0.12898515197245117,-0.7313528891720862,0.409989352787852,0.08680168800257461,0.5504254996484937,0.3228563562753679,0.01070479410786309,0.6020352218403129,0.48874080037426837,0.17940114137067298,0.2127653064139935,-0.09486037269006677,-0.26383020088590203,-0.43390542297637913,-0.12150522098680706,-0.0010435251144580548,-0.19943632886941146,0.1713572887350403,0.10356575995282814,0.015484559885859053,0.03539744594979346,0.23150303732508803,-0.18035208969499045,-0.04748870917942046,0.03534961290239154,0.02852632186269372,0.05294717689400184,-0.11556457410418343,-0.08807975589096878,-0.12983139637513277,-0.0856710135472267,-0.0983427921624372,-0.02121437419397357,-0.040626048224174205,-0.019879333324366737,-0.02044822699075688,-0.05276712024941022,-0.0325771733856544,0.03473476265506462,0.025008954463665908,0.025015039515283742,-0.003075721751684803,0.026545402023973243,-0.03620398670302263,-0.020297281892472603,-0.03692666219220472,-0.003274123227238084,-0.019924348535054346,0.001327221737625079,-0.01596189510265421,-0.0011295607600990576
MPI-ESM1-2-LR,ssp370,-1.27397778367323,-1.2336126711747226,-1.8352401539757153,-0.01716635877134463,-5.179767749397291,-1.6819516927626919,1.0949109398555203,-0.13993410120955807,0.3998337337701328,-1.120542524384381,0.8937965962554658,-0.7180867492182322,-2.090169067674125,-1.8303311910450095,-0.4326843574408265,0.326683307649969,-0.010269267555402053,0.24670513860445464,0.5511880730888424,0.48850574545999786,-0.0001374334763615351,-0.78958084856749,0.5205677949094715,-0.3470750495960312,-1.0866480639667537,-0.1602804296156636,-0.27145066091443026,-0.5835504008962826,0.558668071012789,1.223441310228285,-0.7351524498060908,-0.3802017621377044,0.7334013072623157,0.07952098989944392,-0.2575449712804193,0.1073877018867086,0.3707197196256184,-0.12298616133014673,-0.19624712399410624,0.1677691195145465,-0.22514068813115876,-0.6802433773648374,0.1088323029845952,-0.03017273158863919,0.4326422195603314,-0.5502340725078142,-0.17603743254191834,0.05469909430948943,-0.00891456548108028,0.20791100256984954,-0.28706063923071895,-0.006732603520712153,0.04743269260929309,-0.004190428789236776,-0.046250571442905335,0.06022408443164975,-0.16614094403397914,0.06427868568504794,-0.21495407504966316,0.06552579136310849,-0.22191112320824405,-0.18717888595364018,-0.009739747879329927,-0.04507159984240122,-0.009589951238799249,0.014937246650224624,0.004347694023335297,0.0321632625739219,-0.048861888207352294,-0.09710429703584017,0.06585863971185035,-0.0003135774000206172,-0.017741463926438123,-0.0069650363193756925,-0.03932704158209267,0.03119762005180158,0.009604269318244691,0.0036706147800251955,0.013628273533732842,0.009323155488401205,-0.0054994244421361,0.006756863238005767,6.8366964344556e-05,-0.0065049777923319955
MPI-ESM1-2-LR,ssp585,0.054619013636868594,-3.1008439242218,1.732251990988204,-1.1299775475343596,-6.634363095586245,-0.9542126115193811,-0.11727043605104823,-0.6942788221562572,-1.0437528902692612,-1.0339826552183276,0.697831974956055,0.765290303332358,-1.868302462353988,-0.5997782421408484,-1.7254458667565042,0.14144998009433865,-0.004867438812444356,0.33177700854738795,-0.005965150397274628,-0.43057292471936265,-0.1119637466551005,1.3392614120524042,-1.361808494950111,-0.05723339807981495,-0.252578546402041,0.7137230928400048,-0.39525590547074263,-0.4276963264894936,-0.049975378374486235,0.2527009214960475,0.11455439749463026,0.2536874910777361,-0.1206277450767513,0.18641760650748132,-0.2728540317345697,0.5453638259476533,-0.04975631811930879,-0.11183459907741307,0.45053539467796166,-0.3965836309363802,0.1837452592721922,-0.23253455207287763,-0.13593440226923437,-0.48858721439724095,-0.1891955147015069,0.3275001227298913,0.5750801506398564,0.2696215759380608,-0.03026601066148617,0.25765780056398613,-0.16084349081265223,-0.0758361349114063,-0.04122555514784496,-0.0053638970801219345,0.036030302552729314,-0.01895903241562276,0.03554738087458262,-0.14784139928269435,0.04218024222544777,0.09978829462013983,0.19643508864990836,0.24225568537720799,-0.13057414236085904,0.001871515795342977,-0.06412999329181555,-0.03335634432100942,-0.08715836705110681,-0.01935176975846989,0.07394758841379763,0.03381893552890219,-0.0006886472712698638,-0.022805180835621476,-0.021728385522427302,0.011219548487270367,-0.007862511456356778,-0.012491981552432937,0.011882130255582123,-0.008114122371492982,0.025711559826360808,0.007118614611780244,0.014527023046652023,-0.015454037098162557,-0.0018559094876432,0.001200138303905654
MRI-ESM2-0,ssp119,-8.311191975450095,0.45989438482755013,2.0028854503650426,1.9564041689902283,0.006484085745122134,-3.0479146070679333,3.3362538199411587,2.9786178048587026,0.5359822675312897,-1.4104624888016273,-0.6010075552891869,-0.09235985029382628,1.8104536365736503,0.7842784944572402,-2.0218328022327565,0.027620141416325725,-0.2547927210482601,0.6794007645553712,0.5419832620867697,0.30525483696602107,-0.07498718681218715,0.0009843488273948565,-0.3366849360179714,-0.10188334197915148,-1.1715863340324746,0.5151262793075148,0.45114470260844114,-0.5719595756848947,-0.3007327722254866,-0.2946015774774227,-0.014401174976302146,-0.23707645756113124,-0.37199539069037085,1.0134012767641583,-0.01939324038705955,-0.5609285218914212,0.4270487964452537,0.0745762977144064,0.15698903989879043,0.43072330872343184,0.46378025624740954,-0.10371413723464251,0.23795007590332912,0.15880683986669467,-0.21152071861134353,0.11542540053782535,0.13376481737932877,0.10065659977341115,-0.06673840809009945,0.1376068939257643,0.15900735489145715,-0.23235291096641342,-0.23722566177946705,-0.1787626160578385,0.13410675528728702,0.07920149202541221,-0.23672235516295106,-0.1276750762798907,-0.07088279699979468,0.10201688348607052,0.03622795020423349,-0.10660124677125231,-0.014157076858445248,0.14101244513766878,-0.06150903395627302,-0.07778046162147514,0.1093715525649904,-0.08076451401866608,-0.013247530345980259,0.048131334162181155,0.0320843475717467,-0.015552547558538285,0.017660629787190806,0.027707148559040384,-0.004335757255052494,-0.0019841594451729923,0.005469012916473409,-0.04624668547801717,-0.0001423275494907612,-0.00020273819461311612,0.004329064975676567,0.011787284205960282,-0.0026591408077739844,0.006273557803916793
MRI-ESM2-0,ssp126,-5.869284847349939,1.8868773101171163,1.1763513038697948,0.1556845386818645,1.0801119057593338,-0.9881297404991509,0.00942109344558358,0.7954149301060168,-0.28584237502994353,-0.1977687497026173,-1.5349886884387245,-0.24211709719125019,-0.7840209206542313,0.9815813864499224,-1.14231345537595,-0.4878757583378776,-0.2394022748236387,0.39210726669853707,0.25883501769122846,-0.2598539093394708,0.37842537481815325,0.5334844774096748,-1.309003426894409,-0.07013050516200603,1.302467195084189,-0.3947125824494258,-0.2756146818316574,0.80026344027386,-0.20563175069033957,-0.5958856740990689,-0.020752348601632803,-0.3988858822080274,-0.0281535945496662,0.09000143855246842,-0.000543293203331303,0.215297918126965,-0.10111365108470464,-0.016484285943881273,-0.10621837463806784,-0.0777785636674031,0.14841743298025187,0.09208524290868017,0.03934504736868161,0.10120488424564789,0.4695603053971051,-0.4125302377755399,-0.06858321651521891,-0.33506454543678105,-0.10846373272371719,-0.09616620801657778,-0.33167963821178714,-0.3161930850309607,-0.0008468707034808695,-0.03503900754814749,0.16837492372154136,0.17229254656696866,-0.02318392112540671,0.051091157376607445,0.07545040438907562,-0.04314096306611334,-0.10422503293417211,-0.16418618391238174,-0.0697398120995344,-0.05221791081298198,0.07240624005913245,0.006684018019365042,-0.04007139865466369,-0.019533876635660027,0.06843173218867564,-0.04516725458989321,0.09829965224133157,0.014829055068403632,-0.03612217438005993,-0.10051909437347567,0.01717435576337645,-0.05599294628758074,0.011309090105799313,0.007384302410440472,0.01913691818347602,0.01663179995428543,-0.008712043073041872,-0.023374719663195286,0.003068865258453805,0.006842933068755552
MRI-ESM2-0,ssp245,-1.5681570446866022,1.723350336859577,-0.6132875638632163,2.104580261898969,0.5486734063069301,0.09110906421407776,-0.5593461325090267,0.43716335214775054,-0.38983548458928974,-2.0023917314410227,-1.7084611034209773,0.1995392460869298,-0.14285386876918285,1.5448402525875033,-1.230541901337573,1.2570230180438027,0.5683924618400943,-0.2157718674267055,-0.036489367145457516,-1.1199666087224627,-0.8934966513940679,-0.7851033713051987,-0.6147837207470878,-0.3923199167363016,0.8185436548056907,-0.2593039983010343,-0.32687150361329526,0.4925615723413744,0.22760912316423842,-0.46574277002660375,-0.39662566415435047,0.004435916427953928,0.32843546979471455,0.1933110105830991,-0.4184546350623116,-0.38077089457835755,0.33709551083783684,0.27122380833519716,0.3472803185829516,0.06169180858664171,0.07890168973003,0.2524801519195866,-0.2273414900776683,-0.05968619474492349,-0.27764271515063293,-0.2370639128774911,-0.16271610144471943,-0.10535925925724035,0.08196441410895257,-0.11615308685766065,0.2476330619708047,0.4331691827488383,0.24026321068212503,0.05433873834284324,0.12498734386727657,0.00800721637177125,-0.08722756278630925,-0.1845740991255525,-0.13371169192062476,-0.06941732193386756,0.03429616693767589,-0.1486506448724812,-0.11290954652225448,-0.18472749691255022,0.0005748304092088461,-0.04143833656185462,0.012488662880811404,-0.06544492545905853,0.04903386295797567,-0.047920969543635124,0.07723844714700893,-0.013742967309807447,-0.0276099041792583,-0.0011334937308380248,-0.002000052724877382,0.029488947654349996,0.03518663610132883,0.00370794650679293,-0.011340304126099859,-0.03803476530626385,0.01395068125072758,-0.002201194105119209,0.013703340747655775,-0.0029742712136093113
MRI-ESM2-0,ssp370,2.265240698524131,0.8758948241387238,-2.8167933418608526,3.7717660793711665,-0.5313960040009623,-1.0998703299254118,1.1637725827372292,3.334792216734137,0.554000939839201,-1.6375993318134665,-1.6618278741478614,-0.9141127433533357,0.38902423077754333,0.4903526942771057,0.8620632815496778,0.681665307788326,0.744950368305418,-0.7689140324846873,-0.5922343781041335,0.18012450415468986,-0.8659655199378413,-0.09667995640551699,-0.8756515594294353,-0.04366461693912422,0.32007461093384354,0.1205685361765694,0.34344443165357175,-0.25677624038630703,-0.3667026592700698,-0.45878222488691434,0.45974342925694733,-0.41925749350621344,0.30486312616459066,-0.8620643981437232,-0.17856200323699342,0.17755451781411988,-0.5460815208947284,-0.7626736992742204,0.35368225711456863,-0.02444544053834316,-0.32497011761707906,-0.3227306093328838,-0.10515581461198013,-0.3516979496110922,0.37618277348074675,-0.4382308976943402,-0.022278854939431672,0.16370786144734922,-0.2838651109400727,-0.033518848742284266,0.1808855262500653,-0.32962501521223864,0.01148614348234232,0.16965073669169928,0.2190727420476922,-0.013437640538413577,-0.05674057901203202,0.08729945900814128,0.07580384726399712,-0.10863921374326703,0.20103314051421323,-0.023924114082919716,0.025532053332701168,0.1327077536818145,-0.21714818880177242,0.06533046920851064,0.01746098826318399,-0.05220693576043183,0.012818105892329264,0.037334549393110976,-0.04224533609432729,0.024212036171649236,0.027385746533198113,-0.029031331117026705,-0.02171669626758468,0.024704941203579082,-0.06305169825939103,-0.018358650709294072,-0.007965112948794895,-0.0056536023946389714,-0.002738237083728123,-0.0028740757139006914,-0.002054338033885322,-0.002712390317988923
MRI-ESM2-0,ssp434,-2.2130145344132806,0.8969546802603106,-1.3164033537908435,3.5719136696778033,-0.5986135277015834,-0.7303228089243551,2.348661187307688,1.7487484427350242,2.08457541780965,-1.669139515439704,-0.08192604024231956,-0.818690559110881,-0.13066965240869513,-0.8275830617274543,1.3923064000337868,1.481248040475807,0.831284018692634,-0.027207525965619088,-0.8246448018794751,-0.9190584727723803,-0.09293141928548733,-0.2745314158081905,0.16939607838813486,0.3655314947871671,0.32386654612354215,-0.22473371386198526,-0.969950092238263,-0.5186031508531221,0.49420488658445155,-0.5973406818452797,-0.29528448677077307,-0.24862580532763975,-0.9734276753122949,0.2532450895041551,-0.20000203228777447,-0.28436857409946653,-0.4402558679916303,0.33860956223560357,-0.04828936346084359,-0.08764238005532636,0.3301316554632628,0.0018665567258127755,0.5213853869712223,-0.3081406078568971,0.1190209319382207,0.11133743746240338,0.005590547283748756,-0.15715317615278188,0.07148397993257982,-0.1729848645021001,-0.010935806426946427,0.017094946774146753,0.023316848065966355,-0.09463282003235154,-0.2662173018719112,-0.2610581035748462,-0.12287479803478213,-0.09188119888567949,0.09953171538414603,0.042227546726937744,-0.08871809707470069,0.03774242950662719,0.12568200538696997,0.04001749146269274,0.043458938693147334,0.042087642942698934,-0.03835585189361825,-0.0005953169627268413,-0.008669509058054197,0.1054916155989619,0.018740052793188838,-0.04855314033119921,-0.01891742685837419,-0.0646525710274362,0.04626638013555542,-0.010097068846003865,0.03519382598781399,0.01424734895293469,0.026725544161323594,0.024714505050419392,-0.001664145400680058,-0.008618860489403597,-0.003764687273813389,-0.00480190555052304
MRI-ESM2-0,ssp585,5.19736601994617,0.6690115377989181,-1.2734682023646668,3.5432208928135873,-1.0236283630911267,-0.532366516349751,-0.5896084095063345,1.1483817776735,-0.446095538815978,-1.9038166307579543,-0.732359972361255,-0.4809115612531495,0.4062268629230512,1.155138663770893,-0.11177420225789235,1.1633262993944997,0.4962865883960874,1.3132848084349815,-0.17980508009457932,-0.29236652693512505,-0.21330499068896439,-0.6357031202032116,-0.6642644511820276,-0.38426661014114755,0.10095014299170359,-0.4511388051501222,-1.3565398899191596,1.1114049549090594,-1.1009227743062808,0.3914342588573139,-0.6917076701199166,0.12998530951146764,-0.08877899989670947,-0.1619914224714848,0.05651128744198351,0.13835878120280268,-0.29609309542908047,0.02804785113661849,0.033300400963141207,-0.3205639383055713,0.12494205198238886,0.11653788416555695,-0.03987468554816358,0.6216540426165881,-0.20262475302675612,0.08576027669815589,0.1441851218674833,0.2101742788086354,-0.004155730550876766,0.05268267122265966,-0.3832268586846071,0.1763743360433811,-0.3281066900227972,-0.1362828902545737,0.010185264571990735,0.01755360629330819,0.0061570137896471795,-0.08324633050605572,0.0012679179938518738,0.052051977647693884,-0.058098218297568234,-0.0693995699223707,0.0671058430399517,-0.08429269559093298,0.12189596546099218,0.006667970265752804,-0.05670157682568175,0.15903777139518938,-0.006864359864250903,0.03525439234235933,-0.13413805869986195,-0.021012539761854347,0.036242091558591566,0.0033828292152144625,-0.004534011531401135,-0.023375206248020454,0.001219071755341356,0.015179594456655383,-0.0008973419979454855,0.0048323247709592685,-0.010258316503565644,0.03776141365332542,-0.005516240267255794,-0.008630492325483527
UKESM1-0-LL,ssp119,-1.2394009877640961,1.6426746849087333,0.9412392866361777,0.6843538006439608,2.0946761403101424,-1.2184965757917636,-2.067732075051952,0.8327773818369448,0.7274310978946524,0.737579356333978,1.9206111349724695,1.2569559584183296,-1.6469257452486838,1.8037604076570906,-0.34376012168509,-0.15278340230560092,-0.6540222632537149,-0.3730930691056529,0.13704832267894515,-0.8079911362855207,0.6813383829201156,0.025778731617189538,0.0602601947190803,0.2625573486342737,-0.6021744142237112,-0.3089091361936299,-0.298185896084473,0.8807716337890437,0.05466547678029978,0.036162084229090084,-0.014600954171608121,-0.5569747492190142,-0.22220205007488708,-1.0015054952387117,0.006959884967102569,-0.0400165948585433,0.6107900616793779,-0.06896529459315534,-0.2161065934205896,0.2055749553733586,-0.10030970180073016,-0.24862323493943445,-0.16805475256283456,-0.09073009547803394,-0.3944782416208462,0.22251331349506448,-0.2380797783418599,-0.06067884512145563,0.016103652440172103,-0.20523360344147099,0.16434148804858698,-0.03779222547633195,-0.44158698535904833,-0.2566669172743321,0.1609697987973118,-0.01974873956407573,0.042279427721738524,-0.16077488305366952,-0.024002111895373286,0.21686837552808613,0.1289636039357901,0.07536586977925296,0.09200912479458251,0.0009301860246900084,-0.10903213729123101,-0.06014493724924798,-0.01981268274273584,0.013190051483118744,0.06318363922991382,-0.0966439318869186,0.08208827222021317,-0.03617189696409723,0.007367767010470122,0.011521110895463704,0.01828791097933764,-0.030827857532428372,-0.02892746063130637,-0.03488718971135808,-0.016944782997762798,0.052633059937280804,-0.014120548919241159,0.0016263942742000092,-0.0029491973825979977,-0.002864648172079167
UKESM1-0-LL,ssp126,0.9837372772278415,1.917676730195121,-0.13488267925558103,0.5990377771752304,2.6072334117955536,-1.2425072011737013,-0.4333480385142663,-0.03793048657213323,0.6428967337158845,0.8399437564399675,1.8979122666851627,0.7997286469669765,-1.1103929090997195,-0.08248301053640894,-0.10763828955016783,-1.088370524432736,-0.6738212714029542,0.8541518287750209,-0.7929524571474806,-0.3550278037794607,-0.028484341524455017,0.7180473069732564,-0.046106624965979844,0.589693749610714,-0.32157008579120844,0.29005852683249395,-1.4235986513086079,0.26882633206828066,-0.1366507587770413,0.4364758518600956,0.17352686548466034,0.3418173076126695,0.20676109823476665,0.11577018985593493,0.7143767227732307,-0.20320209923883853,-0.04395604589219055,-0.04192731252448836,0.035464688828811,0.5283202577942078,0.1395527674906148,-0.5886836057376312,-0.05960917167630763,-0.3249567148764454,-0.15978053153016286,-0.24670823474625284,-0.34502803763945444,-0.16474255115376416,-0.1756978244281161,0.11580582328075983,0.021106378751338792,0.15764944409132262,-0.041872558975700164,0.19297948038987886,-0.0629039659963762,-0.1443608587274218,-0.0662836530231398,0.021552511788209147,-0.18487422261126524,0.0028753628222240903,0.04396637230305078,-0.10791744998191306,-0.06993674919379302,0.11230636479019288,0.10385588028509929,0.22302076121730455,-0.049593094647696644,-0.13187519547493912,0.012836348385286127,0.07369017230138011,-0.061767286278867836,-0.025440989267544605,-0.04816527301783565,0.022542836972264245,0.04522471518908319,-0.029323698237767943,0.010505022922190457,-0.002703794939313699,-0.0037851383094594875,-0.0323355635242933,-0.025677635203737725,-0.02554085082476314,0.0063925891863843495,-0.002059678846861015
UKESM1-0-LL,ssp245,7.078443558715883,2.102162653757806,0.5141549550699211,0.6893869268370192,1.076155738499629,-0.3946423031353759,1.549979725335397,0.6459267832514295,-0.55168307912328,0.9036515510225285,2.0791709894840342,0.1228810972388766,-0.07538277145878959,-0.1991346912429133,-0.06702599391825013,0.6085852486931415,0.3041181816833813,0.3011586670181552,-0.4444623381361626,0.19318518853075392,-0.21265779229051845,-0.6044395241735734,-0.18780021490650647,1.228013707829809,-0.519974101225271,0.4808089034844071,-0.102685486988512,0.7459070118115987,0.8283914385715287,-0.3587912564462149,-0.17528898933754253,-0.19263984691662356,-0.032115444781827214,-0.3846396108271306,-0.32818161426408954,0.30104280096236447,0.3032183818783183,0.1921904763957556,0.34559558528620204,-0.2076668714300439,-0.3262852014652923,0.11716421232525721,0.15407644874278556,-0.22455442724382466,-0.41811963187201057,0.09038654847322919,-0.10830902891577511,-0.20412365098370272,0.1552403391302852,0.21869659023563912,0.14930615209892975,-0.06801874117573323,-0.030927454748108377,0.19419685967364442,0.007061241033452452,0.22635369716408882,-0.28665881880933697,-0.07617413675251668,-0.1460941222238502,0.02123182417071591,-0.2496653147571726,0.13141673853959068,0.08406635335468206,0.018460290750504142,0.10913486458680188,0.11317775878001468,0.04666244943181475,-0.08905497422287977,-0.0881368829772277,-0.01215063265817199,-0.061026424845029154,-0.01902509631233902,0.03442841053230246,-0.05278064384681275,-0.0008001140953946444,-0.007558368953071915,-0.026564368626256604,-0.005204245529866049,0.006798611873165901,-1.4874149649368005e-05,0.05503137889132098,0.0012316792160467405,-0.002549025510348593,0.0035667039750512555
UKESM1-0-LL,ssp370,14.102321525655132,2.455598208329128,1.6245994814790694,0.6222177420673932,0.5902843429135168,-2.225026920916738,1.7482597575383347,-0.5709718607583067,-0.5343701581549636,0.8941480633405355,2.1140177919371377,-0.2875931322691608,-0.17518675166121978,0.46798346512051237,0.1920368762896662,-0.30255890189093965,0.7268421070784873,-0.6084876004537783,-0.7194841312883052,0.9132343597246,-0.502189449159147,0.2580745899334654,-0.5315325014713727,1.3650063638764678,-0.03287249925260594,0.0023775403112051047,0.11994286436439869,-0.21170735871520588,0.3342782864338689,-0.7283012646940326,0.22633545869062002,0.36040248495169835,0.7099701400065728,0.33104739129228095,-0.4075521757375209,0.11563786368638823,-0.45066083559650677,-0.01306588279533567,-0.07193204004113236,-0.025495195489740052,0.08091123469904411,0.6100079144995106,-0.3742372033900061,-0.10024760786592336,0.015828140916128487,-0.11033892562603656,0.4779151497589365,0.3228931340870373,0.016945846969823694,-0.5485502918752981,-0.05056247432364503,-0.08919013567350487,-0.059741421776108986,-0.1309577747837729,-0.23802955190359823,-0.03136975419826302,-0.13597299393842843,0.061995887395694976,-0.13945723326821585,0.23945929460131968,0.057515707046232274,-0.14652513568815145,-0.10156150926145187,-0.17988172399211008,0.01987393760696752,0.07039918503992111,0.03105423993874771,0.01690301522042685,-0.07641342267228102,-0.03567393795250563,-0.0060234278150005215,-0.017493846932698218,0.04468251379780318,0.02443679228958404,0.010749113217747013,0.04517261370532728,-0.015576899030202828,0.014332077312460141,0.0016056856172124863,0.021986874691495347,-0.028554001527953236,-0.008094264704871519,-0.007497472785440371,-0.00403777276712923
UKESM1-0-LL,ssp434,4.496782247073925,2.443100348970277,-0.1729998602822997,1.1837847517637228,3.384526283155764,-1.1587790865745229,0.02875901709819983,1.0544625588465202,-1.4225976386218155,0.8297711034701138,1.0975479601713476,2.074812466645493,-1.463389393983016,0.4656803588512322,0.840547737215495,0.5796129039911967,-0.34026864809340984,-0.8369282805021063,-0.9218438152770351,0.7669973640360994,-0.3603601396689152,0.19651489995358376,0.1069181749977841,0.13827568796637946,-0.6357229880474501,0.17937157146069962,-1.0184116869705304,0.41147550101321567,-0.6497217963674085,0.24205671919208777,0.6381679204188675,-0.10016946679383076,0.7400135730250116,0.23303933652814904,-0.6192788230214469,-0.4835931428654845,0.3726678798875497,-0.09498479557466073,0.29450790703336255,0.08987185581902463,-0.0687613617353846,-0.019225798757533333,0.2689145772666732,0.1138094964861859,0.33631242779125065,0.426808921991812,0.1471349992374089,-0.10297436816510003,0.05370432002272759,0.07086888906123338,0.020652546710399036,-0.021419886479363253,0.15364950438269648,0.17033037934465467,0.06347923968221601,-0.18805215794829416,-0.12005849242080736,0.08234884187023245,0.16523148019097508,-0.21202287242122117,-0.02638435796821013,0.08808120768922101,-0.18406176426720328,0.0027757257270431194,-0.08714979837174101,-0.11990821232865152,-0.027529512565208587,0.05843139832354721,0.033188269390970436,-0.04380712631726151,0.015928664398062793,-0.049070403131866835,-0.04568294492460045,0.0051567927234331895,-0.022604410336886507,0.035849179487775315,-0.027372183395895717,0.027664125802296616,0.04035511777657744,0.004202592295407792,-0.00692644781885017,0.02600535223922998,0.019145390805376947,-0.00887165813880376
UKESM1-0-LL,ssp585,18.840707070949485,1.541473591370903,1.0136196677906992,0.3464114884868138,1.7848654031257585,-1.7170882813955253,0.8693396039322391,1.258882022608282,-0.25381335911181924,2.1766080051810097,3.106272046886896,0.7159205917121663,0.021468231539511853,0.18891758016580631,0.0020583416219551657,-1.0678353320649414,0.9228308853601852,0.6967465771172735,0.0006212284027720084,-0.7300476724655254,0.06434067053918566,-0.951688192980105,-0.7080404778065112,0.1204389160574438,-0.4683305289796833,-0.10437778662869575,-0.5177299101104362,-0.8300653713005142,0.05987173672743068,0.49121466138056785,-0.3685632836280722,-0.01425905004639756,-0.1466371622491553,0.3556339045800361,0.1345308804467303,-0.2076484819208597,-0.48899519047490153,0.6246393755997858,-0.17843333004367595,-0.5059627771412073,0.016170785810272374,0.11156112325257393,0.007270883843488561,0.2716854401497064,0.31740477681932217,0.05216976301083347,0.07092559849440508,0.005995580269992207,-0.012696645405206548,0.24214988128255358,0.08011918601526148,-0.1381990785549574,0.050773600726386446,0.07095986223635932,0.0004857023352713288,0.150653381464673,0.22067661920256207,-0.0844698471080587,0.27091202950570015,-0.13580893896671845,0.01695170140099076,-0.13611220337950766,0.12382098240270045,-0.10836721030898286,-0.18800191049673975,0.06180258404181089,0.02005011997055626,0.0018886678158709803,0.13345574516698971,-0.030922879230425842,0.06635556509988519,0.06178524538991782,0.033172848588389356,0.01241421720036505,-0.01137741873263368,-0.03135405095903401,0.017200519957884432,-0.0207047234930247,-0.008509145190110824,-0.026254616602168924,0.006374029326848876,-0.010351634636305203,-0.0033497613200661885,0.008945457264383736
